<?xml version="1.0" encoding="UTF-8"?>
<InformatieObjectVersie schemaversie="0.98.kern" xmlns="https://standaarden.overheid.nl/stop/imop/instrument/" xmlns:xsi="http://www.w3.org/2001/XMLSchema-instance" xsi:schemaLocation="http://www.overheid.nl/imop/def# ../stop/imop-instrument.xsd">
   <ExpressionIdentificatie xmlns="https://standaarden.overheid.nl/stop/imop/data/">
      <FRBRWork>/akn/nl/bill/ws0659/2019/WvL01</FRBRWork>
      <FRBRExpression>/akn/nl/bill/ws0659/2019/WvL01/nl@2019-01-04</FRBRExpression>
      <soortWork>/join/id/stop/work_015</soortWork>
   </ExpressionIdentificatie>
   <InformatieObjectMetadata xmlns="https://standaarden.overheid.nl/stop/imop/data/">
      <eindverantwoordelijke>/tooi/id/waterschap/ws0659</eindverantwoordelijke>
      <maker>/tooi/id/waterschap/ws0659</maker>
      <noemer>kanovaart overig</noemer>
      <officieleTitel>/join/id/regdata/ws0659/2019/nl.imow-ws0659.Gebied.GML22@2019-01-04</officieleTitel>
      <publicatieinstructie>TeConsolideren</publicatieinstructie>
      <soortInformatieobject>/join/id/stop/informatieobject/gio_001</soortInformatieobject>
      <!-- Koppeling naar het gml-bestand -->
      <heeftBestanden>
         <heeftBestand>
            <Bestand>
               <bestandsnaam>Waterschapsverordening-Locaties-22.gml</bestandsnaam>
               <hash>2a5bc4c7724d871be3148275f13254a423c2e12e2f342b4ffabce330c3556a0e007c4af5144fa9de1e7b21630ac8777f767c30ca3a570fce350004b4c11719b7</hash>
            </Bestand>
         </heeftBestand>
      </heeftBestanden>
   </InformatieObjectMetadata>
   <GeoInformatie xmlns="https://standaarden.overheid.nl/stop/imop/geo/">
      <!-- GeoInformatie is leeggelaten, omdat dit in het gml-bestand staat -->
   </GeoInformatie>
   <Achtergrond xmlns="https://standaarden.overheid.nl/stop/imop/data/">
      <bronactualiteit>2019-05-01</bronactualiteit>
      <bronbeschrijving>top10nl</bronbeschrijving>
      <brontype>achtergrond</brontype>
      <bronverwijzing>#D10158A5-8015-47BF-8E73-A7740BA590DA</bronverwijzing>
      <nauwkeurigheid>10</nauwkeurigheid>
   </Achtergrond>
</InformatieObjectVersie>