<?xml version="1.0" encoding="UTF-8"?>
<InformatieObjectVersie schemaversie="0.98.kern" xmlns="https://standaarden.overheid.nl/stop/imop/instrument/" xmlns:xsi="http://www.w3.org/2001/XMLSchema-instance" xsi:schemaLocation="http://www.overheid.nl/imop/def# ../stop/imop-instrument.xsd">
   <ExpressionIdentificatie xmlns="https://standaarden.overheid.nl/stop/imop/data/">
      <FRBRWork>/akn/nl/bill/ws0659/2019/WvL01</FRBRWork>
      <FRBRExpression>/akn/nl/bill/ws0659/2019/WvL01/nl@2019-01-04</FRBRExpression>
      <soortWork>/join/id/stop/work_015</soortWork>
   </ExpressionIdentificatie>
   <InformatieObjectMetadata xmlns="https://standaarden.overheid.nl/stop/imop/data/">
      <eindverantwoordelijke>/tooi/id/waterschap/ws0659</eindverantwoordelijke>
      <maker>/tooi/id/waterschap/ws0659</maker>
      <noemer>kernzone primair water + een buffer van 2 meter eromheen</noemer>
      <officieleTitel>/join/id/regdata/ws0659/2019/nl.imow-ws0659.Gebied.GML25@2019-01-04</officieleTitel>
      <publicatieinstructie>TeConsolideren</publicatieinstructie>
      <soortInformatieobject>/join/id/stop/informatieobject/gio_001</soortInformatieobject>
      <!-- Koppeling naar het gml-bestand -->
      <heeftBestanden>
         <heeftBestand>
            <Bestand>
               <bestandsnaam>Waterschapsverordening-Locaties-25.gml</bestandsnaam>
               <hash>1d2159551f39a49eab73f94f170d9f9b49c49dbcec62f2f3a0cb176716d34f25e76336a292f0ab52dc99303fa5cb650fb6df0b7d635cab77fce59f97c306dd59</hash>
            </Bestand>
         </heeftBestand>
      </heeftBestanden>
   </InformatieObjectMetadata>
   <GeoInformatie xmlns="https://standaarden.overheid.nl/stop/imop/geo/">
      <!-- GeoInformatie is leeggelaten, omdat dit in het gml-bestand staat -->
   </GeoInformatie>
   <Achtergrond xmlns="https://standaarden.overheid.nl/stop/imop/data/">
      <bronactualiteit>2019-05-01</bronactualiteit>
      <bronbeschrijving>top10nl</bronbeschrijving>
      <brontype>achtergrond</brontype>
      <bronverwijzing>#F448BCEF-49F6-4846-932E-EE7FA007F196</bronverwijzing>
      <nauwkeurigheid>10</nauwkeurigheid>
   </Achtergrond>
</InformatieObjectVersie>