<?xml version="1.0" encoding="UTF-8"?>
<Modules 
  xmlns:xsi="http://www.w3.org/2001/XMLSchema-instance" 
  xmlns:m="http://www.geostandaarden.nl/imow/manifest/v20190901" 
  xsi:schemaLocation="http://www.geostandaarden.nl/imow/manifest/v20190901 ../xsd/bestanden-ow/generiek/v20190901/manifest-ow.xsd">
  <domein>omgevingswet</domein>
  <RegelingVersie>
    <FRBRwork>/akn/nl/act/pv27/2019/3520</FRBRwork>
    <FRBRExpression>/akn/nl/act/pv27/2019/3520/nld@2019-12-01</FRBRExpression>
    <Bestand>
      <naam>owTekstdeel.xml</naam>
      <objecttype>Tekstdeel</objecttype>
      <objecttype>FormeleDivisie</objecttype>
      <objecttype>Hoofdlijn</objecttype>
    </Bestand>
    <Bestand>
      <naam>owLocatie.xml</naam>
      <objecttype>Gebied</objecttype>
    </Bestand>
    <Bestand>
      <naam>owGebiedsaanwijzingen-Zuidasdok.xml</naam>
      <objecttype>Gebiedsaanwijzing</objecttype>
    </Bestand>
    <Bestand>
      <naam>Locatie01.gml</naam>
      <objecttype>Geometrie</objecttype>
    </Bestand>
    <Bestand>
      <naam>Locatie02.gml</naam>
      <objecttype>Geometrie</objecttype>
    </Bestand>
  </RegelingVersie>
</Modules>