<?xml version="1.0" encoding="UTF-8"?>
	<!-- OP BG Hillegom by Visma | Roxit -->
<Modules xmlns:xsi="http://www.w3.org/2001/XMLSchema-instance" xmlns:m="http://www.geostandaarden.nl/imow/manifest/v20190901" xsi:schemaLocation="http://www.geostandaarden.nl/imow/manifest/v20190901 ../xsd/bestanden-ow/generiek/v20190901/manifest-ow.xsd">
	<domein>omgevingswet</domein>
	<RegelingVersie>
		<FRBRwork>/akn/nl/bill/gm0534/2019/12345</FRBRwork>
		<FRBRExpression>/akn/nl/bill/gm0534/2019/3520/nld@2019-10-07/!main</FRBRExpression>
		<Bestand>
			<naam>Activiteiten.xml</naam>
			<objecttype>Activiteit</objecttype>
		</Bestand>
		<Bestand>
			<naam>Regelteksten.xml</naam>
			<objecttype>Regeltekst</objecttype>
		</Bestand>		
		<Bestand>
			<naam>Gebiedsaanwijzing.xml</naam>
			<objecttype>Gebiedsaanwijzing</objecttype>
		</Bestand>	
		<Bestand>
			<naam>GIO_duurzame_bloementuin.xml</naam>
			<objecttype>Gebied</objecttype>
		</Bestand>
		<Bestand>
			<naam>GIO_herstructurering.xml</naam>
			<objecttype>Gebied</objecttype>
		</Bestand>
		<Bestand>
			<naam>GIO_geluidscontour.xml</naam>
			<objecttype>Gebied</objecttype>
		</Bestand>
		<Bestand>
			<naam>GIO_waardering_middelhoog.xml</naam>
			<objecttype>Gebied</objecttype>
		</Bestand>
		<Bestand>
			<naam>GIO_waardevolle_boom.xml</naam>
			<objecttype>Gebied</objecttype>
		</Bestand>
		<Bestand>
			<naam>GIO_waardering_middel.xml</naam>
			<objecttype>Gebied</objecttype>
		</Bestand>
		<Bestand>
			<naam>GIO_plaatsgebonden_risico.xml</naam>
			<objecttype>Gebied</objecttype>
		</Bestand>
		<Bestand>
			<naam>GIO_waardering_laag.xml</naam>
			<objecttype>Gebied</objecttype>
		</Bestand>
		<Bestand>
			<naam>GIO_bouwvlak.xml</naam>
			<objecttype>Gebied</objecttype>
		</Bestand>
		<Bestand>
			<naam>GIO_waardering_hoog.xml</naam>
			<objecttype>Gebied</objecttype>
		</Bestand>
		<Bestand>
			<naam>GIO_waterstaat.xml</naam>
			<objecttype>Gebied</objecttype>
		</Bestand>
		<Bestand>
			<naam>GIO_openbaar.xml</naam>
			<objecttype>Gebied</objecttype>
		</Bestand>
		<Bestand>
			<naam>GIO_levendige_linten.xml</naam>
			<objecttype>Gebied</objecttype>
		</Bestand>
		<Bestand>
			<naam>GIO_buisleiding.xml</naam>
			<objecttype>Gebied</objecttype>
		</Bestand>
		<Bestand>
			<naam>GIO_park_Vogelenzang.xml</naam>
			<objecttype>Gebied</objecttype>
		</Bestand>
		<Bestand>
			<naam>GIO_hollandse_weides.xml</naam>
			<objecttype>Gebied</objecttype>
		</Bestand>
		<Bestand>
			<naam>GIO_archeologische_verwachtingswaarde.xml</naam>
			<objecttype>Gebied</objecttype>
		</Bestand>
		<Bestand>
			<naam>GIO_niet_openbaar.xml</naam>
			<objecttype>Gebied</objecttype>
		</Bestand>
		<Bestand>
			<naam>GIO_uitzondering_legaal_bestaand_gebruik.xml</naam>
			<objecttype>Gebied</objecttype>
		</Bestand>
		<Bestand>
			<naam>GIO_groepsrisico.xml</naam>
			<objecttype>Gebied</objecttype>
		</Bestand>
		<Bestand>
			<naam>GIO_erfgoed.xml</naam>
			<objecttype>Gebied</objecttype>
		</Bestand>
		<Bestand>
			<naam>GIO_heerlijke_woonplaats.xml</naam>
			<objecttype>Gebied</objecttype>
		</Bestand>
	</RegelingVersie>
</Modules>
