{
  "waardelijsten": [
    {
      "waardelijst": {
        "naam": "Activiteit",
        "type": "uitbreidbaar",
        "opmerking": "",
        "waarden": [
          {
            "waarde": {
              "naam": "agrarische activiteit",
              "opmerking": ""
            }
          },
          {
            "waarde": {
              "naam": "beperkingengebiedactiviteit installatie in waterstaatswerk",
              "opmerking": ""
            }
          },
          {
            "waarde": {
              "naam": "beperkingengebiedactiviteit burgerluchthaven van regionale betekenis",
              "opmerking": ""
            }
          },
          {
            "waarde": {
              "naam": "beperkingengebiedactiviteit bijzondere spoorweg",
              "opmerking": ""
            }
          },
          {
            "waarde": {
              "naam": "beperkingengebiedactiviteit gemeentelijke weg",
              "opmerking": ""
            }
          },
          {
            "waarde": {
              "naam": "beperkingengebiedactiviteit hoofdspoorweg",
              "opmerking": ""
            }
          },
          {
            "waarde": {
              "naam": "beperkingengebiedactiviteit installatie in waterstaatswerk",
              "opmerking": ""
            }
          },
          {
            "waarde": {
              "naam": "beperkingengebiedactiviteit lokale spoorweg",
              "opmerking": ""
            }
          },
          {
            "waarde": {
              "naam": "beperkingengebiedactiviteit luchthaven",
              "opmerking": ""
            }
          },
          {
            "waarde": {
              "naam": "beperkingengebiedactiviteit mijnbouwinstallatie",
              "opmerking": ""
            }
          },
          {
            "waarde": {
              "naam": "beperkingengebiedactiviteit mijnbouwinstallatie in waterstaatswerk",
              "opmerking": ""
            }
          },
          {
            "waarde": {
              "naam": "beperkingengebiedactiviteit niet-mijnbouwinstallatie in waterstaatswerk",
              "opmerking": ""
            }
          },
          {
            "waarde": {
              "naam": "beperkingengebiedactiviteit provinciale weg",
              "opmerking": ""
            }
          },
          {
            "waarde": {
              "naam": "beperkingengebiedactiviteit rijksweg",
              "opmerking": ""
            }
          },
          {
            "waarde": {
              "naam": "beperkingengebiedactiviteit waterschapsweg",
              "opmerking": ""
            }
          },
          {
            "waarde": {
              "naam": "beperkingengebiedactiviteit waterstaatswerk",
              "opmerking": ""
            }
          },
          {
            "waarde": {
              "naam": "beperkingengebiedactiviteit weg",
              "opmerking": ""
            }
          },
          {
            "waarde": {
              "naam": "boringsactiviteit",
              "opmerking": ""
            }
          },
          {
            "waarde": {
              "naam": "bouwactiviteit drijvend bouwwerk",
              "opmerking": ""
            }
          },
          {
            "waarde": {
              "naam": "bouwactiviteit ruimtelijk",
              "opmerking": ""
            }
          },
          {
            "waarde": {
              "naam": "bouwactiviteit seizoensgebonden bouwwerk",
              "opmerking": ""
            }
          },
          {
            "waarde": {
              "naam": "bouwactivteit technisch",
              "opmerking": ""
            }
          },
          {
            "waarde": {
              "naam": "cites-activiteit",
              "opmerking": ""
            }
          },
          {
            "waarde": {
              "naam": "exploiteren natte koeltoren",
              "opmerking": ""
            }
          },
          {
            "waarde": {
              "naam": "exploiteren stookinstallatie",
              "opmerking": ""
            }
          },
          {
            "waarde": {
              "naam": "exploiteren zendmast",
              "opmerking": ""
            }
          },
          {
            "waarde": {
              "naam": "gelegenheid bieden tot zwemmen",
              "opmerking": ""
            }
          },
          {
            "waarde": {
              "naam": "gelegenheid bieden tot baden",
              "opmerking": ""
            }
          },
          {
            "waarde": {
              "naam": "grondwateractiviteit",
              "opmerking": ""
            }
          },
          {
            "waarde": {
              "naam": "in stand houden bouwwerk",
              "opmerking": ""
            }
          },
          {
            "waarde": {
              "naam": "invasieve-exotenactiviteit",
              "opmerking": ""
            }
          },
          {
            "waarde": {
              "naam": "jachtgeweeractiviteit",
              "opmerking": ""
            }
          },
          {
            "waarde": {
              "naam": "landinrichtingsactiviteit",
              "opmerking": ""
            }
          },
          {
            "waarde": {
              "naam": "lozingsactiviteit op oppervlaktewaterlichaam",
              "opmerking": ""
            }
          },
          {
            "waarde": {
              "naam": "lozingsactiviteit op zuiveringtechnisch werk",
              "opmerking": ""
            }
          },
          {
            "waarde": {
              "naam": "milieubelastende activiteit gevolgen grondwater",
              "opmerking": ""
            }
          },
          {
            "waarde": {
              "naam": "milieubelastende activiteit mijnbouwwerk",
              "opmerking": ""
            }
          },
          {
            "waarde": {
              "naam": "milieubelastende activiteit ippc-installatie",
              "opmerking": ""
            }
          },
          {
            "waarde": {
              "naam": "milieubelastende activiteit Seveso-richtlijn",
              "opmerking": ""
            }
          },
          {
            "waarde": {
              "naam": "milieubelastende activiteit stortplaats",
              "opmerking": ""
            }
          },
          {
            "waarde": {
              "naam": "omgevingsplanactiviteit buitenplans",
              "opmerking": ""
            }
          },
          {
            "waarde": {
              "naam": "onderhoudsactiviteit",
              "opmerking": ""
            }
          },
          {
            "waarde": {
              "naam": "religieuze activiteit",
              "opmerking": ""
            }
          },
          {
            "waarde": {
              "naam": "rijksmonumentenactiviteit",
              "opmerking": ""
            }
          },
          {
            "waarde": {
              "naam": "rijksmonumentenactiviteit archeologisch monument",
              "opmerking": ""
            }
          },
          {
            "waarde": {
              "naam": "spelactiviteit",
              "opmerking": ""
            }
          },
          {
            "waarde": {
              "naam": "stortingsactiviteit op zee",
              "opmerking": ""
            }
          },
          {
            "waarde": {
              "naam": "totstandbrengen installatie of werk",
              "opmerking": ""
            }
          },
          {
            "waarde": {
              "naam": "uitoefening defensietaken",
              "opmerking": ""
            }
          },
          {
            "waarde": {
              "naam": "valkeniersactiviteit",
              "opmerking": ""
            }
          },
          {
            "waarde": {
              "naam": "winning delfstoffen",
              "opmerking": ""
            }
          }
        ]
      }
    },
    {
      "waardelijst": {
        "naam": "Activiteitengroep",
        "type": "limitatief",
        "opmerking": "",
        "waarden": [
          {
            "waarde": {
              "naam": "",
              "opmerking": ""
            }
          },
          {
            "waarde": {
              "naam": "beperkingengebiedactiviteit",
              "opmerking": ""
            }
          },
          {
            "waarde": {
              "naam": "bodemactiviteit",
              "opmerking": ""
            }
          },
          {
            "waarde": {
              "naam": "bouwactiviteit",
              "opmerking": ""
            }
          },
          {
            "waarde": {
              "naam": "cultureel-erfgoedactiviteit",
              "opmerking": ""
            }
          },
          {
            "waarde": {
              "naam": "dierenactiviteit ",
              "opmerking": ""
            }
          },
          {
            "waarde": {
              "naam": "evenementactiviteit ",
              "opmerking": ""
            }
          },
          {
            "waarde": {
              "naam": "flora- en fauna-activiteit",
              "opmerking": ""
            }
          },
          {
            "waarde": {
              "naam": "gebruiksactiviteit",
              "opmerking": ""
            }
          },
          {
            "waarde": {
              "naam": "kapactiviteit ",
              "opmerking": ""
            }
          },
          {
            "waarde": {
              "naam": "ligplaatsactiviteit ",
              "opmerking": ""
            }
          },
          {
            "waarde": {
              "naam": "lozingsactiviteit",
              "opmerking": ""
            }
          },
          {
            "waarde": {
              "naam": "luchthavenactiviteit",
              "opmerking": ""
            }
          },
          {
            "waarde": {
              "naam": "monumentenactiviteit",
              "opmerking": ""
            }
          },
          {
            "waarde": {
              "naam": "mijnbouwlocatieactiviteit",
              "opmerking": ""
            }
          },
          {
            "waarde": {
              "naam": "milieubelastende activiteit",
              "opmerking": ""
            }
          },
          {
            "waarde": {
              "naam": "Natura 2000-activiteit",
              "opmerking": ""
            }
          },
          {
            "waarde": {
              "naam": "Noordzee-activiteit",
              "opmerking": ""
            }
          },
          {
            "waarde": {
              "naam": "omgevingsplanactiviteit",
              "opmerking": ""
            }
          },
          {
            "waarde": {
              "naam": "ontgrondingsactiviteit",
              "opmerking": ""
            }
          },
          {
            "waarde": {
              "naam": "opslagactiviteit ",
              "opmerking": ""
            }
          },
          {
            "waarde": {
              "naam": "parkeeractiviteit ",
              "opmerking": ""
            }
          },
          {
            "waarde": {
              "naam": "reclameactiviteit ",
              "opmerking": ""
            }
          },
          {
            "waarde": {
              "naam": "sloopactiviteit",
              "opmerking": ""
            }
          },
          {
            "waarde": {
              "naam": "spoorwegactiviteit",
              "opmerking": ""
            }
          },
          {
            "waarde": {
              "naam": "standplaatsactiviteit ",
              "opmerking": ""
            }
          },
          {
            "waarde": {
              "naam": "stortingsactiviteit",
              "opmerking": ""
            }
          },
          {
            "waarde": {
              "naam": "verrichten-van-werken-en-werkzaamhedenactiviteit ",
              "opmerking": ""
            }
          },
          {
            "waarde": {
              "naam": "uitwegactiviteit ",
              "opmerking": ""
            }
          },
          {
            "waarde": {
              "naam": "wateractiviteit",
              "opmerking": ""
            }
          },
          {
            "waarde": {
              "naam": "wateronttrekkingsactiviteit",
              "opmerking": ""
            }
          },
          {
            "waarde": {
              "naam": "waterstaatswerkenactiviteit",
              "opmerking": ""
            }
          },
          {
            "waarde": {
              "naam": "wegactiviteit",
              "opmerking": ""
            }
          },
          {
            "waarde": {
              "naam": "werelderfgoedactiviteit",
              "opmerking": ""
            }
          },
          {
            "waarde": {
              "naam": "overig",
              "opmerking": ""
            }
          }
        ]
      }
    },
    {
      "waardelijst": {
        "naam": "Beperkingengebiedgroep",
        "type": "limitatief",
        "opmerking": "",
        "waarden": [
          {
            "waarde": {
              "naam": "installatie in waterstaatswerk",
              "opmerking": "",
              "waardelijst": {
                "naam": "Beperkingengebied",
                "type": "uitbreidbaar",
                "opmerking": "",
                "waarden": [
                  {
                    "waarde": {
                      "naam": "andere installatie dan mijnbouwinstallatie",
                      "opmerking": ""
                    }
                  },
                  {
                    "waarde": {
                      "naam": "mijnbouwinstallatie",
                      "opmerking": ""
                    }
                  }
                ]
              }
            }
          },
          {
            "waarde": {
              "naam": "luchthaven",
              "opmerking": "",
              "waardelijst": {
                "naam": "Beperkingengebied",
                "type": "uitbreidbaar",
                "opmerking": "",
                "waarden": [
                  {
                    "waarde": {
                      "naam": "andere burgerluchthaven van nationale betekenis",
                      "opmerking": ""
                    }
                  },
                  {
                    "waarde": {
                      "naam": "burgerluchthaven van regionale betekenis",
                      "opmerking": ""
                    }
                  },
                  {
                    "waarde": {
                      "naam": "luchthaven Schiphol",
                      "opmerking": ""
                    }
                  },
                  {
                    "waarde": {
                      "naam": "militaire luchthaven",
                      "opmerking": ""
                    }
                  }
                ]
              }
            }
          },
          {
            "waarde": {
              "naam": "molen",
              "opmerking": "",
              "waardelijst": {
                "naam": "Beperkingengebied",
                "type": "uitbreidbaar",
                "opmerking": "",
                "waarden": [
                  {
                    "waarde": {
                      "naam": "molenbiotoop",
                      "opmerking": ""
                    }
                  },
                  {
                    "waarde": {
                      "naam": "windturbine",
                      "opmerking": ""
                    }
                  }
                ]
              }
            }
          },
          {
            "waarde": {
              "naam": "overig",
              "opmerking": "",
              "waardelijst": {
                "naam": "Beperkingengebied",
                "type": "uitbreidbaar",
                "opmerking": "",
                "waarden": []
              }
            }
          },
          {
            "waarde": {
              "naam": "spoorweg",
              "opmerking": "",
              "waardelijst": {
                "naam": "Beperkingengebied",
                "type": "uitbreidbaar",
                "opmerking": "",
                "waarden": [
                  {
                    "waarde": {
                      "naam": "bijzondere spoorweg",
                      "opmerking": ""
                    }
                  },
                  {
                    "waarde": {
                      "naam": "hoofdspoorweg",
                      "opmerking": ""
                    }
                  },
                  {
                    "waarde": {
                      "naam": "lokale spoorweg",
                      "opmerking": ""
                    }
                  }
                ]
              }
            }
          },
          {
            "waarde": {
              "naam": "waterstaatswerk",
              "opmerking": "",
              "waardelijst": {
                "naam": "Beperkingengebied",
                "type": "uitbreidbaar",
                "opmerking": "",
                "waarden": [
                  {
                    "waarde": {
                      "naam": "waterstaatswerk in beheer bij gemeente",
                      "opmerking": ""
                    }
                  },
                  {
                    "waarde": {
                      "naam": "waterstaatswerk in beheer bij provincie",
                      "opmerking": ""
                    }
                  },
                  {
                    "waarde": {
                      "naam": "waterstaatswerk in beheer bij Rijk",
                      "opmerking": ""
                    }
                  },
                  {
                    "waarde": {
                      "naam": "waterstaatswerk in beheer bij waterschap",
                      "opmerking": ""
                    }
                  }
                ]
              }
            }
          },
          {
            "waarde": {
              "naam": "weg",
              "opmerking": "",
              "waardelijst": {
                "naam": "Beperkingengebied",
                "type": "uitbreidbaar",
                "opmerking": "",
                "waarden": [
                  {
                    "waarde": {
                      "naam": "weg in beheer bij gemeente",
                      "opmerking": ""
                    }
                  },
                  {
                    "waarde": {
                      "naam": "weg in beheer bij provincie",
                      "opmerking": ""
                    }
                  },
                  {
                    "waarde": {
                      "naam": "weg in beheer bij Rijk",
                      "opmerking": ""
                    }
                  },
                  {
                    "waarde": {
                      "naam": "weg in beheer bij waterschap",
                      "opmerking": ""
                    }
                  }
                ]
              }
            }
          }
        ]
      }
    },
    {
      "waardelijst": {
        "naam": "Bron",
        "type": "limitatief",
        "opmerking": "",
        "waarden": [
          {
            "waarde": {
              "naam": "basisregistratie grootschalige topografie",
              "opmerking": ""
            }
          },
          {
            "waarde": {
              "naam": "basisregistratie kadaster",
              "opmerking": ""
            }
          },
          {
            "waarde": {
              "naam": "basisregistratie topografie",
              "opmerking": ""
            }
          }
        ]
      }
    },
    {
      "waardelijst": {
        "naam": "Eenheid",
        "type": "uitbreidbaar",
        "opmerking": "",
        "waarden": [
          {
            "waarde": {
              "naam": "liter",
              "opmerking": ""
            }
          },
          {
            "waarde": {
              "naam": "meter",
              "opmerking": ""
            }
          },
          {
            "waarde": {
              "naam": "odour unit",
              "opmerking": ""
            }
          },
          {
            "waarde": {
              "naam": "dB",
              "opmerking": ""
            }
          },
          {
            "waarde": {
              "naam": "μg/l",
              "opmerking": ""
            }
          },
          {
            "waarde": {
              "naam": "μg/kg",
              "opmerking": ""
            }
          },
          {
            "waarde": {
              "naam": "mg N",
              "opmerking": ""
            }
          },
          {
            "waarde": {
              "naam": "mg/l",
              "opmerking": ""
            }
          },
          {
            "waarde": {
              "naam": "°C",
              "opmerking": ""
            }
          },
          {
            "waarde": {
              "naam": "m2",
              "opmerking": ""
            }
          },
          {
            "waarde": {
              "naam": "m3",
              "opmerking": ""
            }
          },
          {
            "waarde": {
              "naam": "aantal",
              "opmerking": ""
            }
          },
          {
            "waarde": {
              "naam": "kPa",
              "opmerking": ""
            }
          },
          {
            "waarde": {
              "naam": "cm",
              "opmerking": ""
            }
          },
          {
            "waarde": {
              "naam": "kg",
              "opmerking": ""
            }
          },
          {
            "waarde": {
              "naam": "mm",
              "opmerking": ""
            }
          },
          {
            "waarde": {
              "naam": "Tkrit",
              "opmerking": ""
            }
          },
          {
            "waarde": {
              "naam": "Tkook",
              "opmerking": ""
            }
          },
          {
            "waarde": {
              "naam": "km",
              "opmerking": ""
            }
          },
          {
            "waarde": {
              "naam": "mg/l-N",
              "opmerking": ""
            }
          },
          {
            "waarde": {
              "naam": "mg/l-P",
              "opmerking": ""
            }
          },
          {
            "waarde": {
              "naam": "Lden",
              "opmerking": ""
            }
          },
          {
            "waarde": {
              "naam": "Lnight",
              "opmerking": ""
            }
          }
        ]
      }
    },
    {
      "waardelijst": {
        "naam": "Functiegroep",
        "type": "limitatief",
        "opmerking": "",
        "waarden": [
          {
            "waarde": {
              "naam": "agrarisch",
              "opmerking": ""
            }
          },
          {
            "waarde": {
              "naam": "bedrijf",
              "opmerking": ""
            }
          },
          {
            "waarde": {
              "naam": "bedrijventerrein",
              "opmerking": ""
            }
          },
          {
            "waarde": {
              "naam": "belemmeringengebied",
              "opmerking": ""
            }
          },
          {
            "waarde": {
              "naam": "beschermde boom",
              "opmerking": ""
            }
          },
          {
            "waarde": {
              "naam": "beschermd monument",
              "opmerking": ""
            }
          },
          {
            "waarde": {
              "naam": "beschermd dorpsgezicht",
              "opmerking": ""
            }
          },
          {
            "waarde": {
              "naam": "beschermd stadsgezicht",
              "opmerking": ""
            }
          },
          {
            "waarde": {
              "naam": "centrumgebied",
              "opmerking": ""
            }
          },
          {
            "waarde": {
              "naam": "cultuur",
              "opmerking": ""
            }
          },
          {
            "waarde": {
              "naam": "detailhandel",
              "opmerking": ""
            }
          },
          {
            "waarde": {
              "naam": "dienstverlening",
              "opmerking": ""
            }
          },
          {
            "waarde": {
              "naam": "groen",
              "opmerking": ""
            }
          },
          {
            "waarde": {
              "naam": "grondwaterbeschermingsgebied",
              "opmerking": ""
            }
          },
          {
            "waarde": {
              "naam": "herstructureringsgebied",
              "opmerking": ""
            }
          },
          {
            "waarde": {
              "naam": "horeca",
              "opmerking": ""
            }
          },
          {
            "waarde": {
              "naam": "industrie",
              "opmerking": ""
            }
          },
          {
            "waarde": {
              "naam": "kantoor",
              "opmerking": ""
            }
          },
          {
            "waarde": {
              "naam": "leiding",
              "opmerking": ""
            }
          },
          {
            "waarde": {
              "naam": "maatschappelijk",
              "opmerking": ""
            }
          },
          {
            "waarde": {
              "naam": "natuur",
              "opmerking": ""
            }
          },
          {
            "waarde": {
              "naam": "ontspanning",
              "opmerking": ""
            }
          },
          {
            "waarde": {
              "naam": "overig",
              "opmerking": ""
            }
          },
          {
            "waarde": {
              "naam": "recreatie",
              "opmerking": ""
            }
          },
          {
            "waarde": {
              "naam": "sport",
              "opmerking": ""
            }
          },
          {
            "waarde": {
              "naam": "transformatiegebied",
              "opmerking": ""
            }
          },
          {
            "waarde": {
              "naam": "verkeer",
              "opmerking": ""
            }
          },
          {
            "waarde": {
              "naam": "verweving",
              "opmerking": ""
            }
          },
          {
            "waarde": {
              "naam": "waarde",
              "opmerking": ""
            }
          },
          {
            "waarde": {
              "naam": "water",
              "opmerking": ""
            }
          },
          {
            "waarde": {
              "naam": "waterstaat",
              "opmerking": ""
            }
          },
          {
            "waarde": {
              "naam": "waterwingebied",
              "opmerking": ""
            }
          },
          {
            "waarde": {
              "naam": "werelderfgoed",
              "opmerking": ""
            }
          },
          {
            "waarde": {
              "naam": "wonen",
              "opmerking": ""
            }
          },
          {
            "waarde": {
              "naam": "woongebied",
              "opmerking": ""
            }
          }
        ]
      }
    },
    {
      "waardelijst": {
        "naam": "Idealisatie",
        "type": "limitatief",
        "opmerking": "",
        "waarden": [
          {
            "waarde": {
              "naam": "exact",
              "opmerking": ""
            }
          },
          {
            "waarde": {
              "naam": "indicatief",
              "opmerking": ""
            }
          }
        ]
      }
    },
    {
      "waardelijst": {
        "naam": "Instructieregel voor instrument",
        "type": "limitatief",
        "opmerking": "is eigenschap bij Regelkwalificatie instructieregel",
        "waarden": [
          {
            "waarde": {
              "naam": "besluit tot het buiten toepassing laten van regels",
              "opmerking": ""
            }
          },
          {
            "waarde": {
              "naam": "calamiteitenplan",
              "opmerking": ""
            }
          },
          {
            "waarde": {
              "naam": "legger",
              "opmerking": ""
            }
          },
          {
            "waarde": {
              "naam": "maatwerkvoorschrift",
              "opmerking": ""
            }
          },
          {
            "waarde": {
              "naam": "monitoringsprogramma",
              "opmerking": ""
            }
          },
          {
            "waarde": {"naam": "omgevingsplan\tdit is inclusief motivering van vaststellings/wijzigingsbesluit"}
          },
          {
            "waarde": {
              "naam": "peilbesluit",
              "opmerking": ""
            }
          },
          {
            "waarde": {
              "naam": "programma",
              "opmerking": ""
            }
          },
          {
            "waarde": {
              "naam": "projectbesluit",
              "opmerking": ""
            }
          },
          {
            "waarde": {
              "naam": "waterschapsverordening",
              "opmerking": ""
            }
          },
          {
            "waarde": {
              "naam": "uitoefening taak of bevoegdheid",
              "opmerking": ""
            }
          }
        ]
      }
    },
    {
      "waardelijst": {
        "naam": "Kwalificatie activiteitregel",
        "type": "limitatief",
        "opmerking": "",
        "waarden": [
          {
            "waarde": {
              "naam": "beoordelingsregel",
              "opmerking": ""
            }
          },
          {
            "waarde": {
              "naam": "gebod",
              "opmerking": ""
            }
          },
          {
            "waarde": {
              "naam": "indieningsvereiste",
              "opmerking": ""
            }
          },
          {
            "waarde": {
              "naam": "meldingsplicht",
              "opmerking": ""
            }
          },
          {
            "waarde": {
              "naam": "toegestaan",
              "opmerking": ""
            }
          },
          {
            "waarde": {
              "naam": "verbod",
              "opmerking": ""
            }
          },
          {
            "waarde": {
              "naam": "vergunningplicht",
              "opmerking": ""
            }
          }
        ]
      }
    },
    {
      "waardelijst": {
        "naam": "Normadressaat",
        "type": "limitatief",
        "opmerking": "is eigenschap bij Regelkwalificatie instructieregel wanneer instructieregel voor instrument = uitoefening taak of bevoegdheid",
        "waarden": [
          {
            "waarde": {
              "naam": "degene die de activiteit verricht",
              "opmerking": ""
            }
          },
          {
            "waarde": {
              "naam": "eenieder",
              "opmerking": ""
            }
          },
          {
            "waarde": {
              "naam": "faunabeheereenheid",
              "opmerking": ""
            }
          },
          {
            "waarde": {
              "naam": "gemeentebestuur",
              "opmerking": ""
            }
          },
          {
            "waarde": {
              "naam": "provinciebestuur",
              "opmerking": ""
            }
          },
          {
            "waarde": {
              "naam": "Rijk",
              "opmerking": ""
            }
          },
          {
            "waarde": {
              "naam": "waterschapsbestuur",
              "opmerking": ""
            }
          },
          {
            "waarde": {
              "naam": "wildbeheereenheid",
              "opmerking": ""
            }
          }
        ]
      }
    },
    {
      "waardelijst": {
        "naam": "Omgevingsnormgroep",
        "type": "limitatief",
        "opmerking": "",
        "waarden": [
          {
            "waarde": {
              "naam": "geluid",
              "opmerking": ""
            }
          },
          {
            "waarde": {
              "naam": "maatvoering bouwen",
              "opmerking": ""
            }
          },
          {
            "waarde": {
              "naam": "luchtkwaliteit",
              "opmerking": ""
            }
          },
          {
            "waarde": {
              "naam": "parkeren",
              "opmerking": ""
            }
          },
          {
            "waarde": {
              "naam": "overig",
              "opmerking": ""
            }
          },
          {
            "waarde": {
              "naam": "etc",
              "opmerking": ""
            }
          }
        ]
      }
    },
    {
      "waardelijst": {
        "naam": "Omgevingswaardegroep",
        "type": "limitatief",
        "opmerking": "",
        "waarden": [
          {
            "waarde": {
              "naam": "veiligheid",
              "opmerking": ""
            }
          },
          {
            "waarde": {
              "naam": "luchtkwaliteit",
              "opmerking": ""
            }
          },
          {
            "waarde": {
              "naam": "waterkwaliteit",
              "opmerking": ""
            }
          },
          {
            "waarde": {
              "naam": "zwemlocaties",
              "opmerking": ""
            }
          },
          {
            "waarde": {
              "naam": "overig",
              "opmerking": ""
            }
          },
          {
            "waarde": {
              "naam": "veiligheid waterkering",
              "opmerking": ""
            }
          },
          {
            "waarde": {
              "naam": "geluid / geluidproductieplafond",
              "opmerking": "geluidproductieplafond als omgevingswaarde behorend tot omgevingswaardegroep geluid?"
            }
          }
        ]
      }
    },
    {
      "waardelijst": {
        "naam": "Onderwerp",
        "type": "uitbreidbaar",
        "opmerking": "",
        "waarden": [
          {
            "waarde": {
              "naam": "afval",
              "opmerking": ""
            }
          },
          {
            "waarde": {
              "naam": "afvalwaterbeheer",
              "opmerking": ""
            }
          },
          {
            "waarde": {
              "naam": "agrarisch",
              "opmerking": ""
            }
          },
          {
            "waarde": {
              "naam": "bodemdaling",
              "opmerking": ""
            }
          },
          {
            "waarde": {
              "naam": "bodemenergie",
              "opmerking": ""
            }
          },
          {
            "waarde": {
              "naam": "defensie",
              "opmerking": ""
            }
          },
          {
            "waarde": {
              "naam": "dienstverlening",
              "opmerking": ""
            }
          },
          {
            "waarde": {
              "naam": "duisternis",
              "opmerking": ""
            }
          },
          {
            "waarde": {
              "naam": "ecologie",
              "opmerking": ""
            }
          },
          {
            "waarde": {
              "naam": "energiebesparing",
              "opmerking": ""
            }
          },
          {
            "waarde": {
              "naam": "erfgoed",
              "opmerking": ""
            }
          },
          {
            "waarde": {
              "naam": "geluidhinder",
              "opmerking": ""
            }
          },
          {
            "waarde": {
              "naam": "geur",
              "opmerking": ""
            }
          },
          {
            "waarde": {
              "naam": "grondwaterbescherming",
              "opmerking": ""
            }
          },
          {
            "waarde": {
              "naam": "industrie",
              "opmerking": ""
            }
          },
          {
            "waarde": {
              "naam": "logistiek",
              "opmerking": ""
            }
          },
          {
            "waarde": {
              "naam": "mijnbouw",
              "opmerking": ""
            }
          },
          {
            "waarde": {
              "naam": "nationaal landschap",
              "opmerking": ""
            }
          },
          {
            "waarde": {
              "naam": "natuurnetwerk",
              "opmerking": ""
            }
          },
          {
            "waarde": {
              "naam": "Natura 2000",
              "opmerking": ""
            }
          },
          {
            "waarde": {
              "naam": "nutssector",
              "opmerking": ""
            }
          },
          {
            "waarde": {
              "naam": "onderwijs",
              "opmerking": ""
            }
          },
          {
            "waarde": {
              "naam": "overig",
              "opmerking": ""
            }
          },
          {
            "waarde": {
              "naam": "parkeren",
              "opmerking": ""
            }
          },
          {
            "waarde": {
              "naam": "recreatie",
              "opmerking": ""
            }
          },
          {
            "waarde": {
              "naam": "riolering",
              "opmerking": ""
            }
          },
          {
            "waarde": {
              "naam": "sport",
              "opmerking": ""
            }
          },
          {
            "waarde": {
              "naam": "stiltegebied",
              "opmerking": ""
            }
          },
          {
            "waarde": {
              "naam": "transport",
              "opmerking": ""
            }
          },
          {
            "waarde": {
              "naam": "trillingshinder",
              "opmerking": ""
            }
          },
          {
            "waarde": {
              "naam": "welstand",
              "opmerking": ""
            }
          },
          {
            "waarde": {
              "naam": "zorg",
              "opmerking": ""
            }
          },
          {
            "waarde": {
              "naam": "zwerfafval",
              "opmerking": ""
            }
          }
        ]
      }
    },
    {
      "waardelijst": {
        "naam": "Regelkwalificatie",
        "type": "limitatief",
        "opmerking": "",
        "waarden": [
          {
            "waarde": {
              "naam": "aanwijzing",
              "opmerking": ""
            }
          },
          {
            "waarde": {
              "naam": "afwijkregel",
              "opmerking": ""
            }
          },
          {
            "waarde": {
              "naam": "attribueren bevoegdheid maatwerkregels te stellen",
              "opmerking": ""
            }
          },
          {
            "waarde": {
              "naam": "attribueren bevoegdheid maatwerkvoorschriften te stellen",
              "opmerking": ""
            }
          },
          {
            "waarde": {
              "naam": "attribueren bevoegdheid ontheffing te verlenen",
              "opmerking": ""
            }
          },
          {
            "waarde": {
              "naam": "attribueren bevoegdheid programma vast te stellen",
              "opmerking": "NB toegevoegd 2019-02-14"
            }
          },
          {
            "waarde": {
              "naam": "attribueren bevoegdheid vergunningvoorschriften te stellen",
              "opmerking": ""
            }
          },
          {
            "waarde": {
              "naam": "informatieplicht",
              "opmerking": ""
            }
          },
          {
            "waarde": {"naam": "instructieregel\thierbij hoort eigenschap (met waardelijst) instructieregel voor instrument"}
          },
          {
            "waarde": {
              "naam": "kostenverhaalregel",
              "opmerking": ""
            }
          },
          {
            "waarde": {
              "naam": "monitoringsregel",
              "opmerking": ""
            }
          },
          {
            "waarde": {
              "naam": "onderzoeksplicht ",
              "opmerking": ""
            }
          },
          {
            "waarde": {
              "naam": "oogmerk",
              "opmerking": ""
            }
          },
          {
            "waarde": {
              "naam": "procedureregel",
              "opmerking": ""
            }
          },
          {
            "waarde": {"naam": "rechtstreeks werkende regel???\tNB toegevoegd 2019-02-14 ???"}
          },
          {
            "waarde": {
              "naam": "toepassingsbereik",
              "opmerking": ""
            }
          },
          {
            "waarde": {
              "naam": "treffen maatregel",
              "opmerking": ""
            }
          },
          {
            "waarde": {
              "naam": "treffen gelijkwaardige maatregel",
              "opmerking": ""
            }
          },
          {
            "waarde": {
              "naam": "uitzonderingsmogelijkheid",
              "opmerking": ""
            }
          },
          {
            "waarde": {"naam": "verbod\tNB toegevoegd 2019-02-14"}
          },
          {
            "waarde": {
              "naam": "verstrekken gegevens en bescheiden",
              "opmerking": ""
            }
          },
          {
            "waarde": {
              "naam": "zorgplicht",
              "opmerking": ""
            }
          },
          {
            "waarde": {
              "naam": "overig",
              "opmerking": ""
            }
          }
        ]
      }
    },
    {
      "waardelijst": {
        "naam": "Relatiekwalificatie",
        "type": "limitatief",
        "opmerking": "",
        "waarden": [
          {
            "waarde": {
              "naam": "is aanvulling op",
              "opmerking": ""
            }
          },
          {
            "waarde": {
              "naam": "is afwijking op",
              "opmerking": ""
            }
          },
          {
            "waarde": {
              "naam": "is uitzondering op",
              "opmerking": ""
            }
          }
        ]
      }
    },
    {
      "waardelijst": {
        "naam": "Thema",
        "type": "uitbreidbaar",
        "opmerking": "",
        "waarden": [
          {
            "waarde": {
              "naam": "bodem",
              "opmerking": ""
            }
          },
          {
            "waarde": {
              "naam": "cultureel erfgoed",
              "opmerking": ""
            }
          },
          {
            "waarde": {
              "naam": "energie",
              "opmerking": ""
            }
          },
          {
            "waarde": {
              "naam": "externe veiligheid",
              "opmerking": ""
            }
          },
          {
            "waarde": {
              "naam": "gezondheid",
              "opmerking": ""
            }
          },
          {
            "waarde": {
              "naam": "infrastructuur",
              "opmerking": ""
            }
          },
          {
            "waarde": {
              "naam": "landschappen",
              "opmerking": ""
            }
          },
          {
            "waarde": {
              "naam": "lucht",
              "opmerking": ""
            }
          },
          {
            "waarde": {
              "naam": "natuur",
              "opmerking": ""
            }
          },
          {
            "waarde": {
              "naam": "water",
              "opmerking": ""
            }
          },
          {
            "waarde": {
              "naam": "watersystemen",
              "opmerking": ""
            }
          },
          {
            "waarde": {
              "naam": "werelderfgoed",
              "opmerking": ""
            }
          }
        ]
      }
    },
    {
      "waardelijst": {
        "naam": "Verplichtingsoort",
        "type": "limitatief",
        "opmerking": "eigenschap bij omgevingswaarde",
        "waarden": [
          {
            "waarde": {
              "naam": "andere verplichting",
              "opmerking": ""
            }
          },
          {
            "waarde": {
              "naam": "inspanningsverplichting",
              "opmerking": ""
            }
          },
          {
            "waarde": {
              "naam": "resultaatsverplichting",
              "opmerking": ""
            }
          }
        ]
      }
    }
  ]
}