<?xml version="1.0" encoding="UTF-8"?>
<ow-dc:owBestand xmlns:xsi="http://www.w3.org/2001/XMLSchema-instance" 
   xmlns:xlink="http://www.w3.org/1999/xlink" 
   xmlns:sl="http://www.geostandaarden.nl/bestanden-ow/standlevering-generiek/v20190301" 
   xmlns:ow-dc="http://www.geostandaarden.nl/imow/bestanden/deelbestand/v20190801" 
   xmlns:rol-ref="http://www.geostandaarden.nl/imow/regelsoplocatie-ref/v20190709" 
   xmlns:rol="http://www.geostandaarden.nl/imow/regelsoplocatie/v20190801"
   xmlns:rkow="http://www.geostandaarden.nl/imow/regeltekstkoppelingow/v20190709"
   xmlns:l-ref="http://www.geostandaarden.nl/imow/locatie-ref/v20190709"
   xmlns:d-a="http://www.geostandaarden.nl/imow/datatypenalgemeen/v20190709"
   xsi:schemaLocation="http://www.geostandaarden.nl/imow/0.98.1 ../xsd/bestanden-ow/deelbestand-ow/v20190801/IMOW_Deelbestand_v0_9_8_1-beta.xsd">
   <sl:standBestand>
      <sl:dataset>Gemeentestad</sl:dataset>
      <sl:inhoud>
         <sl:gebied>Gemeentestad</sl:gebied>
         <sl:leveringsId>abc-20190221-0801</sl:leveringsId>
         <sl:objectTypen>
            <sl:objectType>Omgevingsnorm</sl:objectType>
            <sl:objectType>Omgevingswaarde</sl:objectType>
         </sl:objectTypen>
      </sl:inhoud>
      <sl:stand>
         <ow-dc:owObject>
            <rol:Omgevingswaarde rkow:regeltekstId="nl.imow-gm0037.regeltekst.2019000010">
               <rol:identificatie>nl.imow-gm0037.omgevingswaarde.201900001</rol:identificatie>
               <rol:normwaarde>
                  <rol:Normwaarde>
                     <rol:kwantitatieveWaarde>
                        <d-a:waarde>200</d-a:waarde>
                        <d-a:eenheid>μg/m3</d-a:eenheid>
                     </rol:kwantitatieveWaarde>
                     <rol:locatieaanduiding>
                        <l-ref:LocatieRef xlink:href="nl.imow-gm0037.gebied.2019000008"/>
                     </rol:locatieaanduiding>
                  </rol:Normwaarde>
               </rol:normwaarde>
               <rol:naam>fijnstof</rol:naam>
               <rol:groep>luchtkwaliteit</rol:groep>
            </rol:Omgevingswaarde>
         </ow-dc:owObject>
      </sl:stand>
      <sl:stand>
         <ow-dc:owObject>
            <rol:Omgevingsnorm rkow:regeltekstId="nl.imow-gm0037.regeltekst.2019000011">
               <rol:identificatie>nl.imow-gm0037.omgevingsnorm.201900002</rol:identificatie>
               <rol:normwaarde>
                  <rol:Normwaarde>
                     <rol:kwantitatieveWaarde>
                        <d-a:waarde>13</d-a:waarde>
                        <d-a:eenheid>meter</d-a:eenheid>
                     </rol:kwantitatieveWaarde>
                     <rol:locatieaanduiding>
                        <l-ref:LocatieRef xlink:href="nl.imow-gm0037.gebied.2019000010"/>
                        <l-ref:LocatieRef xlink:href="nl.imow-gm0037.gebied.2019000011"/>
                     </rol:locatieaanduiding>
                  </rol:Normwaarde>
                  <rol:Normwaarde>
                     <rol:kwantitatieveWaarde>
                        <d-a:waarde>7</d-a:waarde>
                        <d-a:eenheid>meter</d-a:eenheid>
                     </rol:kwantitatieveWaarde>               
                     <rol:locatieaanduiding>
                        <l-ref:LocatieRef xlink:href="nl.imow-gm0037.gebied.2019000008"/>
                        <l-ref:LocatieRef xlink:href="nl.imow-gm0037.gebied.2019000009"/>
                     </rol:locatieaanduiding>
                  </rol:Normwaarde>
               </rol:normwaarde>
               <rol:naam>maximum bouwhoogte</rol:naam>
               <rol:groep>maatvoeringbouwen</rol:groep>
            </rol:Omgevingsnorm>
         </ow-dc:owObject>
      </sl:stand>
   </sl:standBestand>
</ow-dc:owBestand>