<?xml version="1.0" encoding="UTF-8"?>
<AanleveringGIO xmlns="https://standaarden.overheid.nl/lvbb/stop/" xmlns:xsi="http://www.w3.org/2001/XMLSchema-instance" xmlns:gml="http://www.opengis.net/gml/3.2" xmlns:xlink="http://www.w3.org/1999/xlink" schemaversie="0.98.3-kern" xsi:schemaLocation="http://www.overheid.nl/imop/def# ../lvbb/LVBB-stop.xsd">
   <InformatieObjectVersie>
      <ExpressionIdentificatie xmlns="https://standaarden.overheid.nl/stop/imop/data/">
         <FRBRWork>/join/id/regdata/ws0659/2019/nl.imow-ws0659.gebied.gml14</FRBRWork>
         <FRBRExpression>/join/id/regdata/ws0659/2019/nl.imow-ws0659.gebied.gml14/nld@2019-01-04</FRBRExpression>
         <soortWork>/join/id/stop/work_007</soortWork>
      </ExpressionIdentificatie>
      <InformatieObjectMetadata xmlns="https://standaarden.overheid.nl/stop/imop/data/">
         <eindverantwoordelijke>/tooi/id/waterschap/ws0659</eindverantwoordelijke>
         <maker>/tooi/id/waterschap/ws0659</maker>
         <noemer>beschermingszone keringen</noemer>
            <officieleTitel>beschermingszone keringen</officieleTitel>
         <publicatieinstructie>TeConsolideren</publicatieinstructie>
         <soortInformatieobject>/join/id/stop/informatieobject/gio_001</soortInformatieobject>
         <!-- Koppeling naar het gml-bestand -->
         <heeftBestanden>
            <heeftBestand>
               <Bestand>
                  <bestandsnaam>Waterschapsverordening-Locaties-14.gml</bestandsnaam>
                  <hash>f2c42e7cfc25c158c7f027a612a7a35c516251d372234ee53e817f7b033b17117163fa31c49e6c04de4c50329f42f5f3bb008595720f1b89f6aa2c9b10993b58</hash>
               </Bestand>
            </heeftBestand>
         </heeftBestanden>
      </InformatieObjectMetadata>
      <GeoInformatie xmlns="https://standaarden.overheid.nl/stop/imop/geo/">
         <featureMember>
            <Locatie gml:id="beschermingszone_keringen">
               <wId>beschermingszone_keringen</wId>
               <naam>beschermingszone keringen</naam>
               <geometrie xlink:href="Waterschapsverordening-Locaties-14.gml#14EC5498-D3A2-461E-BBD5-9DE4AC4F2F4C"/>
            </Locatie>
         </featureMember>
      </GeoInformatie>
      <Achtergrond xmlns="https://standaarden.overheid.nl/stop/imop/data/">
         <bronactualiteit>2019-05-01</bronactualiteit>
         <bronbeschrijving>top10nl</bronbeschrijving>
         <brontype>achtergrond</brontype>
         <nauwkeurigheid>10</nauwkeurigheid>
      </Achtergrond>
   </InformatieObjectVersie>
</AanleveringGIO>