<?xml version="1.0" encoding="utf-8"?>
<!-- Created by Marco Duiker - LandGoed -->
<ow-dc:owBestand xmlns:xsi="http://www.w3.org/2001/XMLSchema-instance" xmlns:xlink="http://www.w3.org/1999/xlink" xmlns:g-ref="http://www.geostandaarden.nl/imow/gebiedsaanwijzing-ref/v20190709" xmlns:da="http://www.geostandaarden.nl/imow/datatypenalgemeen/v20190801" xmlns:sl="http://www.geostandaarden.nl/bestanden-ow/standlevering-generiek/v20190301" xmlns:ow-dc="http://www.geostandaarden.nl/imow/bestanden/deelbestand/v20190801" xmlns:rol="http://www.geostandaarden.nl/imow/regelsoplocatie/v20190801" xmlns:l-ref="http://www.geostandaarden.nl/imow/locatie-ref/v20190709" xmlns:rol-ref="http://www.geostandaarden.nl/imow/regelsoplocatie-ref/v20190709" xmlns:rkow="http://www.geostandaarden.nl/imow/regeltekstkoppelingow/v20190709" xmlns:r="http://www.geostandaarden.nl/imow/regels/v20190801" xmlns:r-ref="http://www.geostandaarden.nl/imow/regels-ref/v20190709" xsi:schemaLocation="http://www.geostandaarden.nl/imow/bestanden/deelbestand/v20190801 ../xsd_98_1/bestanden-ow/deelbestand-ow/v20190801/IMOW_Deelbestand_v0_9_8_1-beta.xsd">
	<sl:standBestand>
		<sl:dataset>Venlo</sl:dataset>
		<sl:inhoud>
			<sl:gebied>Venlo</sl:gebied>
			<sl:leveringsId>MD2h-2019002V-0502</sl:leveringsId>
			<sl:objectTypen>
				<sl:objectType>Regeltekst</sl:objectType>
				<sl:objectType>JuridischeRegel</sl:objectType>
			</sl:objectTypen>
		</sl:inhoud>
		<sl:stand>
			<ow-dc:owObject>
				<r:Regeltekst wId="gm0983_X__chp_2__art_2.1" wIdRegeling="/akn/nl/act/gm0983/2019/reg001c_MD2h" rkow:regeltekstId="">
					<r:identificatie>nl.imow-gm0983.regeltekst.MD2h221</r:identificatie>
				</r:Regeltekst>
			</ow-dc:owObject>
		</sl:stand>
		<sl:stand>
			<ow-dc:owObject>
				<r:JuridischeRegel rkow:regeltekstId="">
					<r:idealisatie>exact</r:idealisatie>
					<r:nadereRegelkwalificatie>
						<r:NadereRegelkwalificatieInfo>
							<r:activiteitregelkwalificatie>vergunningplicht</r:activiteitregelkwalificatie>
						</r:NadereRegelkwalificatieInfo>
					</r:nadereRegelkwalificatie>
					<r:regelkwalificatie>Regel voor iedereen</r:regelkwalificatie>
					<r:locatieaanduiding>
						<l-ref:LocatieRef xlink:href="nl.imow-gm0983.gebied.MD2hLocVenloMD2h"/>
					</r:locatieaanduiding>
					<r:activiteitaanduiding>
						<rol-ref:ActiviteitRef xlink:href="nl.imow-gm0983.activiteit.MD2h221"/>
					</r:activiteitaanduiding>
					<r:artikelOfLid>
						<r-ref:RegeltekstRef xlink:href="nl.imow-gm0983.regeltekst.MD2h221"/>
					</r:artikelOfLid>
				</r:JuridischeRegel>
			</ow-dc:owObject>
		</sl:stand>
		<sl:stand>
			<ow-dc:owObject>
				<r:Regeltekst wId="gm0983_X__chp_2__art_2.2" wIdRegeling="/akn/nl/act/gm0983/2019/reg001c_MD2h" rkow:regeltekstId="">
					<r:identificatie>nl.imow-gm0983.regeltekst.MD2h222</r:identificatie>
				</r:Regeltekst>
			</ow-dc:owObject>
		</sl:stand>
		<sl:stand>
			<ow-dc:owObject>
				<r:JuridischeRegel rkow:regeltekstId="">
					<r:idealisatie>exact</r:idealisatie>
					<r:nadereRegelkwalificatie>
						<r:NadereRegelkwalificatieInfo>
							<r:activiteitregelkwalificatie>meldingsplicht</r:activiteitregelkwalificatie>
						</r:NadereRegelkwalificatieInfo>
					</r:nadereRegelkwalificatie>
					<r:regelkwalificatie>Regel voor iedereen</r:regelkwalificatie>
					<r:locatieaanduiding>
						<l-ref:LocatieRef xlink:href="nl.imow-gm0983.gebied.MD2hLocVenloMD2h"/>
					</r:locatieaanduiding>
					<r:activiteitaanduiding>
						<rol-ref:ActiviteitRef xlink:href="nl.imow-gm0983.activiteit.MD2h221"/>
					</r:activiteitaanduiding>
					<r:artikelOfLid>
						<r-ref:RegeltekstRef xlink:href="nl.imow-gm0983.regeltekst.MD2h222"/>
					</r:artikelOfLid>
				</r:JuridischeRegel>
			</ow-dc:owObject>
		</sl:stand>
		<sl:stand>
			<ow-dc:owObject>
				<r:Regeltekst wId="gm0983_X__chp_2__art_2.4" wIdRegeling="/akn/nl/act/gm0983/2019/reg001c_MD2h" rkow:regeltekstId="">
					<r:identificatie>nl.imow-gm0983.regeltekst.MD2h224</r:identificatie>
				</r:Regeltekst>
			</ow-dc:owObject>
		</sl:stand>
		<sl:stand>
			<ow-dc:owObject>
				<r:JuridischeRegel rkow:regeltekstId="">
					<r:idealisatie>exact</r:idealisatie>
					<r:regelkwalificatie>Instructieregel</r:regelkwalificatie>
					<r:locatieaanduiding>
						<l-ref:LocatieRef xlink:href="nl.imow-gm0983.gebied.MD2hLocVenloMD2h"/>
					</r:locatieaanduiding>
					<r:artikelOfLid>
						<r-ref:RegeltekstRef xlink:href="nl.imow-gm0983.regeltekst.MD2h224"/>
					</r:artikelOfLid>
				</r:JuridischeRegel>
			</ow-dc:owObject>
		</sl:stand>
	</sl:standBestand>
</ow-dc:owBestand>
