<?xml version="1.0" encoding="UTF-8"?>
<AanleveringInformatieObject xmlns="https://standaarden.overheid.nl/lvbb/stop/aanlevering/" schemaversie="1.0.1">
  <InformatieObjectVersie>
    <ExpressionIdentificatie xmlns="https://standaarden.overheid.nl/stop/imop/data/">
      <FRBRWork>/join/id/regdata/gm0297/2019/Zone_A</FRBRWork>
      <FRBRExpression>/join/id/regdata/gm0297/2019/Zone_A/nld@2019-06-18;3520</FRBRExpression>
      <soortWork>/join/id/stop/work_010</soortWork>
    </ExpressionIdentificatie>
    <InformatieObjectMetadata xmlns="https://standaarden.overheid.nl/stop/imop/data/">
      <eindverantwoordelijke>/join/id/stop/gemeente/gm0297</eindverantwoordelijke>
      <maker>/join/id/stop/gemeente/gm0297</maker>
      <alternatieveTitels>
        <alternatieveTitel>Zone A</alternatieveTitel>
      </alternatieveTitels>
      <officieleTitel>/join/id/regdata/gm0297/2019/Zone_A/nld@2019-06-18;3520</officieleTitel>
      <publicatieinstructie>TeConsolideren</publicatieinstructie>
      <formaatInformatieobject>/join/id/stop/informatieobject/gio_002</formaatInformatieobject>
      <soortenInformatieobject>
        <soortInformatieobject>/join/id/stop/informatieobject/gio_001</soortInformatieobject>
      </soortenInformatieobject>
      <heeftGeboorteregeling>/akn/nl/act/gm0297/2019/reg456</heeftGeboorteregeling>
      <!-- Koppeling naar het gml-bestand -->
      <heeftBestanden>
        <heeftBestand>
          <Bestand>
            <bestandsnaam>Zone_A.gml</bestandsnaam>
            <hash>aa57c015de35d6aea460c5a1a4fd98bd1b357ac3d89b558e547a1803b71276c79257d5f57f13a5622426eab57dba88af1fac7745d9f22b0d6a478d274a88d9eb</hash>
          </Bestand>
        </heeftBestand>
      </heeftBestanden>
    </InformatieObjectMetadata>
  </InformatieObjectVersie>
</AanleveringInformatieObject>