<?xml version="1.0" encoding="UTF-8"?>
<ow-dc:owBestand 
	xmlns:xsi="http://www.w3.org/2001/XMLSchema-instance" 
	xmlns:xlink="http://www.w3.org/1999/xlink" 
	xmlns:ga="http://www.geostandaarden.nl/imow/gebiedsaanwijzing" 
	xmlns:da="http://www.geostandaarden.nl/imow/datatypenalgemeen" 
	xmlns:sl="http://www.geostandaarden.nl/bestanden-ow/standlevering-generiek" 
	xmlns:ow-dc="http://www.geostandaarden.nl/imow/bestanden/deelbestand" 
	xmlns:ow="http://www.geostandaarden.nl/imow/owobject"
	xmlns:rol="http://www.geostandaarden.nl/imow/regelsoplocatie" 
	xmlns:l="http://www.geostandaarden.nl/imow/locatie" 
	xmlns:r="http://www.geostandaarden.nl/imow/regels" 
	xmlns:k="http://www.geostandaarden.nl/imow/kaart"
	xsi:schemaLocation="http://www.geostandaarden.nl/imow/bestanden/deelbestand https://register.geostandaarden.nl/xmlschema/tpod/v1.0.1/bestanden-ow/deelbestand-ow/IMOW_Deelbestand.xsd">
	<sl:standBestand>
		<sl:dataset>Gemeentestad</sl:dataset>
		<sl:inhoud>
			<sl:gebied>Gemeentestad</sl:gebied>
			<sl:leveringsId>abc-20190221-0801</sl:leveringsId>
			<sl:objectTypen>
				<sl:objectType>Regeltekst</sl:objectType>
				<sl:objectType>RegelVoorIedereen</sl:objectType>
				<sl:objectType>Omgevingswaarderegel</sl:objectType>
			</sl:objectTypen>
		</sl:inhoud>
		<!-- artikel 2.3 -->
		<sl:stand>
			<ow-dc:owObject>
				<r:Regeltekst wId="gm0297_1__subchp_2.2__art_2.3"> 
					<r:identificatie>nl.imow-gm0297.regeltekst.2019000001</r:identificatie>
				</r:Regeltekst>
			</ow-dc:owObject>
		</sl:stand>
		<sl:stand>
			<ow-dc:owObject>
				<r:RegelVoorIedereen>
					<r:identificatie>nl.imow-gm0297.juridischeregel.2019000001</r:identificatie>
					<r:idealisatie>http://standaarden.omgevingswet.overheid.nl/idealisatie/id/concept/Exact</r:idealisatie>
					<r:artikelOfLid>
						<r:RegeltekstRef xlink:href="nl.imow-gm0297.regeltekst.2019000001"/>
					</r:artikelOfLid>
					<r:locatieaanduiding>
						<l:LocatieRef xlink:href="nl.imow-gm0297.gebiedengroep.2019000001"/>
					</r:locatieaanduiding>
					<r:gebiedsaanwijzing>
					    <ga:GebiedsaanwijzingRef xlink:href="nl.imow-gm0297.gebiedsaanwijzing.2019000001"/> <!--Bedrijf categorie 2-->
					</r:gebiedsaanwijzing>
				</r:RegelVoorIedereen>
			</ow-dc:owObject>
		</sl:stand>
		<!-- artikel 2.4 -->
		<sl:stand>
			<ow-dc:owObject>
				<r:Regeltekst wId="gm0297_1__subchp_2.2__art_2.4">
					<r:identificatie>nl.imow-gm0297.regeltekst.2019000002</r:identificatie>
				</r:Regeltekst>
			</ow-dc:owObject>
		</sl:stand>
		<sl:stand>
			<ow-dc:owObject>
				<r:RegelVoorIedereen>
					<r:identificatie>nl.imow-gm0297.juridischeregel.2019000002</r:identificatie>
					<r:idealisatie>http://standaarden.omgevingswet.overheid.nl/idealisatie/id/concept/Exact</r:idealisatie>
					<r:artikelOfLid>
						<r:RegeltekstRef xlink:href="nl.imow-gm0297.regeltekst.2019000002"/>
					</r:artikelOfLid>
					<r:locatieaanduiding>
						<l:LocatieRef xlink:href="nl.imow-gm0297.gebied.2019000001"/>
					</r:locatieaanduiding>
					<r:activiteitaanduiding>
					    <rol:ActiviteitRef xlink:href="nl.imow-gm0297.activiteit.2019000241"/> <!--uitoefenen van bedrijfstypen van categorie 2-->
						<r:ActiviteitLocatieaanduiding>
							<r:identificatie>nl.imow-gm0297.activiteitlocatieaanduiding.2019000001</r:identificatie>
							<r:activiteitregelkwalificatie>http://standaarden.omgevingswet.overheid.nl/activiteitregelkwalificatie/id/concept/Toegestaan</r:activiteitregelkwalificatie>
							<r:locatieaanduiding>
								<l:LocatieRef xlink:href="nl.imow-gm0297.gebied.2019000001"/>
							</r:locatieaanduiding>
						</r:ActiviteitLocatieaanduiding>
					</r:activiteitaanduiding>
				</r:RegelVoorIedereen>
			</ow-dc:owObject>
		</sl:stand>
		<sl:stand>
			<ow-dc:owObject>
				<r:RegelVoorIedereen>
					<r:identificatie>nl.imow-gm0297.juridischeregel.2019000003</r:identificatie>
					<r:idealisatie>http://standaarden.omgevingswet.overheid.nl/idealisatie/id/concept/Exact</r:idealisatie>
					<r:artikelOfLid>
						<r:RegeltekstRef xlink:href="nl.imow-gm0297.regeltekst.2019000002"/>
					</r:artikelOfLid>
					<r:locatieaanduiding>
						<l:LocatieRef xlink:href="nl.imow-gm0297.gebied.2019000001"/>
					</r:locatieaanduiding>
					<r:activiteitaanduiding>
					    <rol:ActiviteitRef xlink:href="nl.imow-gm0297.activiteit.2019000530"/> <!--wonen in een bedrijfswoning-->
						<r:ActiviteitLocatieaanduiding>
							<r:identificatie>nl.imow-gm0297.activiteitlocatieaanduiding.2019000002</r:identificatie>
							<r:activiteitregelkwalificatie>http://standaarden.omgevingswet.overheid.nl/activiteitregelkwalificatie/id/concept/Toegestaan</r:activiteitregelkwalificatie>
							<r:locatieaanduiding>
								<l:LocatieRef xlink:href="nl.imow-gm0297.gebied.2019000001"/>
							</r:locatieaanduiding>
						</r:ActiviteitLocatieaanduiding>
					</r:activiteitaanduiding>
				</r:RegelVoorIedereen>
			</ow-dc:owObject>
		</sl:stand>
		<sl:stand>
			<ow-dc:owObject>
				<r:RegelVoorIedereen>
					<r:identificatie>nl.imow-gm0297.juridischeregel.2019000004</r:identificatie>
					<r:idealisatie>http://standaarden.omgevingswet.overheid.nl/idealisatie/id/concept/Exact</r:idealisatie>
					<r:artikelOfLid>
						<r:RegeltekstRef xlink:href="nl.imow-gm0297.regeltekst.2019000002"/>
					</r:artikelOfLid>
					<r:locatieaanduiding>
						<l:LocatieRef xlink:href="nl.imow-gm0297.gebied.2019000001"/>
					</r:locatieaanduiding>
					<r:activiteitaanduiding>
					    <rol:ActiviteitRef xlink:href="nl.imow-gm0297.activiteit.2019000243"/> <!--aanleggen en instandhouden van nutsvoorzieningen-->
						<r:ActiviteitLocatieaanduiding>
							<r:identificatie>nl.imow-gm0297.activiteitlocatieaanduiding.2019000003</r:identificatie>
							<r:activiteitregelkwalificatie>http://standaarden.omgevingswet.overheid.nl/activiteitregelkwalificatie/id/concept/Toegestaan</r:activiteitregelkwalificatie>
							<r:locatieaanduiding>
								<l:LocatieRef xlink:href="nl.imow-gm0297.gebied.2019000001"/>
							</r:locatieaanduiding>
						</r:ActiviteitLocatieaanduiding>
					</r:activiteitaanduiding>
				</r:RegelVoorIedereen>
			</ow-dc:owObject>
		</sl:stand>
		<sl:stand>
			<ow-dc:owObject>
				<r:RegelVoorIedereen>
					<r:identificatie>nl.imow-gm0297.juridischeregel.2019000005</r:identificatie>
					<r:idealisatie>http://standaarden.omgevingswet.overheid.nl/idealisatie/id/concept/Exact</r:idealisatie>
					<r:artikelOfLid>
						<r:RegeltekstRef xlink:href="nl.imow-gm0297.regeltekst.2019000002"/>
					</r:artikelOfLid>
					<r:locatieaanduiding>
						<l:LocatieRef xlink:href="nl.imow-gm0297.gebied.2019000001"/>
					</r:locatieaanduiding>
					<r:activiteitaanduiding>
					    <rol:ActiviteitRef xlink:href="nl.imow-gm0297.activiteit.2019000244"/> <!--aanleggen en instandhouden van voorzieningen voor de waterhuishouding-->
						<r:ActiviteitLocatieaanduiding>
							<r:identificatie>nl.imow-gm0297.activiteitlocatieaanduiding.2019000004</r:identificatie>
							<r:activiteitregelkwalificatie>http://standaarden.omgevingswet.overheid.nl/activiteitregelkwalificatie/id/concept/Toegestaan</r:activiteitregelkwalificatie>
							<r:specifiekeSymbolisatie>vag500</r:specifiekeSymbolisatie>
							<r:locatieaanduiding>
								<l:LocatieRef xlink:href="nl.imow-gm0297.gebied.2019000001"/>
							</r:locatieaanduiding>
						</r:ActiviteitLocatieaanduiding>
					</r:activiteitaanduiding>
				</r:RegelVoorIedereen>
			</ow-dc:owObject>
		</sl:stand>
		<sl:stand>
			<ow-dc:owObject>
				<r:RegelVoorIedereen>
					<r:identificatie>nl.imow-gm0297.juridischeregel.2019000006</r:identificatie>
					<r:idealisatie>http://standaarden.omgevingswet.overheid.nl/idealisatie/id/concept/Exact</r:idealisatie>
					<r:artikelOfLid>
						<r:RegeltekstRef xlink:href="nl.imow-gm0297.regeltekst.2019000002"/>
					</r:artikelOfLid>
					<r:locatieaanduiding>
						<l:LocatieRef xlink:href="nl.imow-gm0297.gebied.2019000001"/>
					</r:locatieaanduiding>
					<r:activiteitaanduiding>
					    <rol:ActiviteitRef xlink:href="nl.imow-gm0297.activiteit.2019000245"/> <!--aanleggen en instandhouden van tuin en/of erf-->
						<r:ActiviteitLocatieaanduiding>
							<r:identificatie>nl.imow-gm0297.activiteitlocatieaanduiding.2019000005</r:identificatie>
							<r:activiteitregelkwalificatie>http://standaarden.omgevingswet.overheid.nl/activiteitregelkwalificatie/id/concept/Toegestaan</r:activiteitregelkwalificatie>
							<r:specifiekeSymbolisatie>vag300</r:specifiekeSymbolisatie>
							<r:locatieaanduiding>
								<l:LocatieRef xlink:href="nl.imow-gm0297.gebied.2019000001"/>
							</r:locatieaanduiding>
						</r:ActiviteitLocatieaanduiding>
					</r:activiteitaanduiding>
				</r:RegelVoorIedereen>
			</ow-dc:owObject>
		</sl:stand>
		<sl:stand>
			<ow-dc:owObject>
				<r:RegelVoorIedereen>
					<r:identificatie>nl.imow-gm0297.juridischeregel.2019000007</r:identificatie>
					<r:idealisatie>http://standaarden.omgevingswet.overheid.nl/idealisatie/id/concept/Exact</r:idealisatie>
					<r:artikelOfLid>
						<r:RegeltekstRef xlink:href="nl.imow-gm0297.regeltekst.2019000002"/>
					</r:artikelOfLid>
					<r:locatieaanduiding>
						<l:LocatieRef xlink:href="nl.imow-gm0297.gebied.2019000001"/> <!--werkingsgebied bedrijf categorie 2--> 
					</r:locatieaanduiding>
					<r:activiteitaanduiding>
					    <rol:ActiviteitRef xlink:href="nl.imow-gm0297.activiteit.2019000246"/> <!--uitoefenen van detailhandel in ter plaatse vervaardigde goederen-->
						<r:ActiviteitLocatieaanduiding>
							<r:identificatie>nl.imow-gm0297.activiteitlocatieaanduiding.2019000006</r:identificatie>
							<r:activiteitregelkwalificatie>http://standaarden.omgevingswet.overheid.nl/activiteitregelkwalificatie/id/concept/Toegestaan</r:activiteitregelkwalificatie>
							<r:locatieaanduiding>
								<l:LocatieRef xlink:href="nl.imow-gm0297.gebied.2019000002"/> <!--zone A-->
							</r:locatieaanduiding>
						</r:ActiviteitLocatieaanduiding>
					</r:activiteitaanduiding>
				</r:RegelVoorIedereen>
			</ow-dc:owObject>
		</sl:stand>
		<!-- artikel 2.5 -->
		<sl:stand>
			<ow-dc:owObject>
				<r:Regeltekst wId="gm0297_1__subchp_2.2__art_2.5">
					<r:identificatie>nl.imow-gm0297.regeltekst.2019000003</r:identificatie>
				</r:Regeltekst>
			</ow-dc:owObject>
		</sl:stand>
		<sl:stand>
			<ow-dc:owObject>
				<r:RegelVoorIedereen>
					<r:identificatie>nl.imow-gm0297.juridischeregel.2019000008</r:identificatie>
					<r:idealisatie>http://standaarden.omgevingswet.overheid.nl/idealisatie/id/concept/Exact</r:idealisatie>
					<r:artikelOfLid>
						<r:RegeltekstRef xlink:href="nl.imow-gm0297.regeltekst.2019000003"/>
					</r:artikelOfLid>
					<r:locatieaanduiding>
						<l:LocatieRef xlink:href="nl.imow-gm0297.gebied.2019000001"/>
					</r:locatieaanduiding>
					<r:activiteitaanduiding>
					    <rol:ActiviteitRef xlink:href="nl.imow-gm0297.activiteit.2019000730"/> <!--exploiteren van inrichtingen-->
						<r:ActiviteitLocatieaanduiding>
							<r:identificatie>nl.imow-gm0297.activiteitlocatieaanduiding.2019000007</r:identificatie>
							<r:activiteitregelkwalificatie>http://standaarden.omgevingswet.overheid.nl/activiteitregelkwalificatie/id/concept/Verbod</r:activiteitregelkwalificatie>
							<r:locatieaanduiding>
								<l:LocatieRef xlink:href="nl.imow-gm0297.gebied.2019000001"/>
							</r:locatieaanduiding>
						</r:ActiviteitLocatieaanduiding>
					</r:activiteitaanduiding>
				</r:RegelVoorIedereen>
			</ow-dc:owObject>
		</sl:stand>
		<sl:stand>
			<ow-dc:owObject>
				<r:RegelVoorIedereen>
					<r:identificatie>nl.imow-gm0297.juridischeregel.2019000009</r:identificatie>
					<r:idealisatie>http://standaarden.omgevingswet.overheid.nl/idealisatie/id/concept/Exact</r:idealisatie>
					<r:artikelOfLid>
						<r:RegeltekstRef xlink:href="nl.imow-gm0297.regeltekst.2019000003"/>
					</r:artikelOfLid>
					<r:locatieaanduiding>
						<l:LocatieRef xlink:href="nl.imow-gm0297.gebied.2019000001"/>
					</r:locatieaanduiding>
					<r:activiteitaanduiding>
					    <rol:ActiviteitRef xlink:href="nl.imow-gm0297.activiteit.2019000740"/> <!--exploiteren van risicovolle inrichtingen-->
						<r:ActiviteitLocatieaanduiding>
							<r:identificatie>nl.imow-gm0297.activiteitlocatieaanduiding.2019000008</r:identificatie>
							<r:activiteitregelkwalificatie>http://standaarden.omgevingswet.overheid.nl/activiteitregelkwalificatie/id/concept/Verbod</r:activiteitregelkwalificatie>
							<r:specifiekeSymbolisatie>vag303</r:specifiekeSymbolisatie>
							<r:locatieaanduiding>
								<l:LocatieRef xlink:href="nl.imow-gm0297.gebied.2019000001"/>
							</r:locatieaanduiding>
						</r:ActiviteitLocatieaanduiding>
					</r:activiteitaanduiding>
				</r:RegelVoorIedereen>
			</ow-dc:owObject>
		</sl:stand>
		<sl:stand>
			<ow-dc:owObject>
				<r:RegelVoorIedereen>
					<r:identificatie>nl.imow-gm0297.juridischeregel.2019000010</r:identificatie>
					<r:idealisatie>http://standaarden.omgevingswet.overheid.nl/idealisatie/id/concept/Exact</r:idealisatie>
					<r:artikelOfLid>
						<r:RegeltekstRef xlink:href="nl.imow-gm0297.regeltekst.2019000003"/>
					</r:artikelOfLid>
					<r:locatieaanduiding>
						<l:LocatieRef xlink:href="nl.imow-gm0297.gebied.2019000001"/>
					</r:locatieaanduiding>
					<r:activiteitaanduiding>
					    <rol:ActiviteitRef xlink:href="nl.imow-gm0297.activiteit.2019000750"/> <!--opslagterrein-->
						<r:ActiviteitLocatieaanduiding>
							<r:identificatie>nl.imow-gm0297.activiteitlocatieaanduiding.2019000009</r:identificatie>
							<r:activiteitregelkwalificatie>http://standaarden.omgevingswet.overheid.nl/activiteitregelkwalificatie/id/concept/Verbod</r:activiteitregelkwalificatie>
							<r:specifiekeSymbolisatie>vag503</r:specifiekeSymbolisatie>
							<r:locatieaanduiding>
								<l:LocatieRef xlink:href="nl.imow-gm0297.gebied.2019000001"/>
							</r:locatieaanduiding>
						</r:ActiviteitLocatieaanduiding>
					</r:activiteitaanduiding>
				</r:RegelVoorIedereen>
			</ow-dc:owObject>
		</sl:stand>
		<!-- artikel 2.6 -->
		<sl:stand>
			<ow-dc:owObject>
				<!-- Artikel 2.6 -->
				<r:Regeltekst wId="gm0297_1__subchp_2.2__art_2.6">
					<r:identificatie>nl.imow-gm0297.regeltekst.2019000004</r:identificatie>
				</r:Regeltekst>
			</ow-dc:owObject>
		</sl:stand>
		<sl:stand>
			<ow-dc:owObject>
				<!-- Artikel 2.6 - Juridische regel -->
				<r:RegelVoorIedereen>
					<r:identificatie>nl.imow-gm0297.juridischeregel.2019000011</r:identificatie>
					<r:idealisatie>http://standaarden.omgevingswet.overheid.nl/idealisatie/id/concept/Exact</r:idealisatie>
					<r:artikelOfLid>
						<r:RegeltekstRef xlink:href="nl.imow-gm0297.regeltekst.2019000004"/>
					</r:artikelOfLid>
					<r:locatieaanduiding>
						<l:LocatieRef xlink:href="nl.imow-gm0297.gebied.2019000001"/>
					</r:locatieaanduiding>
					<r:activiteitaanduiding>
					    <rol:ActiviteitRef xlink:href="nl.imow-gm0297.activiteit.2019000590"/> <!--uitoefenen van detailhandel in ter plaatse vervaardigde goederen-->
						<r:ActiviteitLocatieaanduiding>
							<r:identificatie>nl.imow-gm0297.activiteitlocatieaanduiding.2019000010</r:identificatie>
							<r:activiteitregelkwalificatie>http://standaarden.omgevingswet.overheid.nl/activiteitregelkwalificatie/id/concept/Meldingsplicht</r:activiteitregelkwalificatie>
							<r:locatieaanduiding>
								<l:LocatieRef xlink:href="nl.imow-gm0297.gebied.2019000001"/>
							</r:locatieaanduiding>
						</r:ActiviteitLocatieaanduiding>
					</r:activiteitaanduiding>
				</r:RegelVoorIedereen>
			</ow-dc:owObject>
		</sl:stand>
		<!-- artikel 2.7 -->
		<sl:stand>
			<ow-dc:owObject>
				<r:Regeltekst wId="gm0297_1__subchp_2.2__art_2.7">
					<r:identificatie>nl.imow-gm0297.regeltekst.2019000007</r:identificatie>
				</r:Regeltekst>
			</ow-dc:owObject>
		</sl:stand>
		<!-- Artikel 2.7 - Juridische regel -->
		<sl:stand>
			<ow-dc:owObject>
				<r:RegelVoorIedereen>
					<r:identificatie>nl.imow-gm0297.juridischeregel.2019000012</r:identificatie>
					<r:idealisatie>http://standaarden.omgevingswet.overheid.nl/idealisatie/id/concept/Exact</r:idealisatie>
					<r:artikelOfLid>
						<r:RegeltekstRef xlink:href="nl.imow-gm0297.regeltekst.2019000007"/>
					</r:artikelOfLid>
					<r:locatieaanduiding>
						<l:LocatieRef xlink:href="nl.imow-gm0297.gebied.2019000001"/>
					</r:locatieaanduiding>
					<r:activiteitaanduiding>
					    <rol:ActiviteitRef xlink:href="nl.imow-gm0297.activiteit.2019000540"/> <!--exploiteren van een verkooppunt voor motorbrandstoffen niet zijnde lpg-->
						<r:ActiviteitLocatieaanduiding>
							<r:identificatie>nl.imow-gm0297.activiteitlocatieaanduiding.2019000011</r:identificatie>
							<r:activiteitregelkwalificatie>http://standaarden.omgevingswet.overheid.nl/activiteitregelkwalificatie/id/concept/Vergunningplicht</r:activiteitregelkwalificatie>
							<r:specifiekeSymbolisatie>vag307</r:specifiekeSymbolisatie>
							<r:locatieaanduiding>
								<l:LocatieRef xlink:href="nl.imow-gm0297.gebied.2019000001"/>
							</r:locatieaanduiding>
						</r:ActiviteitLocatieaanduiding>
					</r:activiteitaanduiding>
					<r:activiteitaanduiding>
						<rol:ActiviteitRef xlink:href="nl.imow-gm0297.activiteit.2019000760"/> <!--opslaan van motorbrandstoffen niet zijnde lpg-->
						<r:ActiviteitLocatieaanduiding>
							<r:identificatie>nl.imow-gm0297.activiteitlocatieaanduiding.2019000013</r:identificatie>
							<r:activiteitregelkwalificatie>http://standaarden.omgevingswet.overheid.nl/activiteitregelkwalificatie/id/concept/Vergunningplicht</r:activiteitregelkwalificatie>
							<r:locatieaanduiding>
								<l:LocatieRef xlink:href="nl.imow-gm0297.gebied.2019000001"/>
							</r:locatieaanduiding>
						</r:ActiviteitLocatieaanduiding>
					</r:activiteitaanduiding>
				</r:RegelVoorIedereen>
			</ow-dc:owObject>
		</sl:stand>
		<!-- artikel 2.9 -->
		<sl:stand>
			<ow-dc:owObject>
				<r:Regeltekst wId="gm0297_1__subchp_2.3__art_2.9">
					<r:identificatie>nl.imow-gm0297.regeltekst.2019000012</r:identificatie>
				</r:Regeltekst>
			</ow-dc:owObject>
		</sl:stand>
		<sl:stand>
			<ow-dc:owObject>
				<r:RegelVoorIedereen>
					<r:identificatie>nl.imow-gm0297.juridischeregel.2019000013</r:identificatie>
					<r:idealisatie>http://standaarden.omgevingswet.overheid.nl/idealisatie/id/concept/Exact</r:idealisatie>
					<r:artikelOfLid>
						<r:RegeltekstRef xlink:href="nl.imow-gm0297.regeltekst.2019000012"/>
					</r:artikelOfLid>
					<r:locatieaanduiding>
						<l:LocatieRef xlink:href="nl.imow-gm0297.gebied.2019000004"/>
					</r:locatieaanduiding>
					<r:gebiedsaanwijzing>
					    <ga:GebiedsaanwijzingRef xlink:href="nl.imow-gm0297.gebiedsaanwijzing.2019000002"/> <!--Centrumgebied-->
					</r:gebiedsaanwijzing>
				</r:RegelVoorIedereen>
			</ow-dc:owObject>
		</sl:stand>
		<!-- artikel 2.10 -->
		<!-- Hier is voor het voorbeeld op dit moment één activiteit uitgewerkt, de bijzondere, lijstitem i -->
		<sl:stand>
			<ow-dc:owObject>
				<r:Regeltekst wId="gm0297_1__subchp_2.3__art_2.10">
					<r:identificatie>nl.imow-gm0297.regeltekst.2019000008</r:identificatie>
					<r:gerelateerdeRegeltekst>
						<r:RegeltekstRef xlink:href="nl.imow-gm0297.regeltekst.2019000012"/>
					</r:gerelateerdeRegeltekst>
				</r:Regeltekst>
			</ow-dc:owObject>
		</sl:stand>
		<sl:stand>
			<ow-dc:owObject>
				<r:RegelVoorIedereen>
					<r:identificatie>nl.imow-gm0297.juridischeregel.2019000014</r:identificatie>
					<r:idealisatie>http://standaarden.omgevingswet.overheid.nl/idealisatie/id/concept/Exact</r:idealisatie>
					<r:artikelOfLid>
						<r:RegeltekstRef xlink:href="nl.imow-gm0297.regeltekst.2019000008"/>
					</r:artikelOfLid>
					<r:locatieaanduiding>
						<l:LocatieRef xlink:href="nl.imow-gm0297.gebied.2019000007"/> 
						<l:LocatieRef xlink:href="nl.imow-gm0297.gebied.2019000008"/>
						<l:LocatieRef xlink:href="nl.imow-gm0297.gebied.2019000009"/>
						<l:LocatieRef xlink:href="nl.imow-gm0297.gebied.2019000010"/>
						<l:LocatieRef xlink:href="nl.imow-gm0297.gebied.2019000011"/>
					</r:locatieaanduiding>
					<r:activiteitaanduiding>
					    <rol:ActiviteitRef xlink:href="nl.imow-gm0297.activiteit.2019000660"/> <!--exploiteren van een speelautomatenhal-->
						<r:ActiviteitLocatieaanduiding>
							<r:identificatie>nl.imow-gm0297.activiteitlocatieaanduiding.2019000012</r:identificatie>
							<r:activiteitregelkwalificatie>http://standaarden.omgevingswet.overheid.nl/activiteitregelkwalificatie/id/concept/Toegestaan</r:activiteitregelkwalificatie>
							<r:locatieaanduiding>
								<l:LocatieRef xlink:href="nl.imow-gm0297.gebied.2019000004"/>
							</r:locatieaanduiding>
						</r:ActiviteitLocatieaanduiding>
					</r:activiteitaanduiding>
				</r:RegelVoorIedereen>
			</ow-dc:owObject>
		</sl:stand>
		<!-- artikel 2.12 -->
		<sl:stand>
			<ow-dc:owObject>
				<!-- Artikel -->
				<r:Regeltekst wId="gm0297_1__subchp_2.4__art_2.12">
					<r:identificatie>nl.imow-gm0297.regeltekst.2019000009</r:identificatie>
				</r:Regeltekst>
			</ow-dc:owObject>
		</sl:stand>
		<sl:stand>
			<ow-dc:owObject>
				<r:Omgevingswaarderegel>
					<r:identificatie>nl.imow-gm0297.juridischeregel.2019000015</r:identificatie>
					<r:idealisatie>http://standaarden.omgevingswet.overheid.nl/idealisatie/id/concept/Exact</r:idealisatie>
					<r:artikelOfLid>
						<r:RegeltekstRef xlink:href="nl.imow-gm0297.regeltekst.2019000009"/>
					</r:artikelOfLid>
					<r:locatieaanduiding>
						<l:LocatieRef xlink:href="nl.imow-gm0297.gebied.2019000008"/>
					</r:locatieaanduiding>
					<r:omgevingswaardeaanduiding>
					    <rol:OmgevingswaardeRef xlink:href="nl.imow-gm0297.omgevingswaarde.2019000001"/> <!--Fijnstof-->
					</r:omgevingswaardeaanduiding>
				</r:Omgevingswaarderegel>
			</ow-dc:owObject>
		</sl:stand>
		<!-- artikel 2.14 -->
		<sl:stand>
			<ow-dc:owObject>
				<!-- Artikel -->
				<r:Regeltekst wId="gm0297_1__subchp_2.5__art_2.14">
					<r:identificatie>nl.imow-gm0297.regeltekst.2019000010</r:identificatie>
				</r:Regeltekst>
			</ow-dc:owObject>
		</sl:stand>
		<sl:stand>
			<ow-dc:owObject>
				<r:RegelVoorIedereen>
					<r:identificatie>nl.imow-gm0297.juridischeregel.2019000016</r:identificatie>
					<r:idealisatie>http://standaarden.omgevingswet.overheid.nl/idealisatie/id/concept/Exact</r:idealisatie>
					<r:artikelOfLid>
						<r:RegeltekstRef xlink:href="nl.imow-gm0297.regeltekst.2019000010"/>
					</r:artikelOfLid>
					<r:locatieaanduiding>
						<l:LocatieRef xlink:href="nl.imow-gm0297.gebied.2019000007"/>
						<l:LocatieRef xlink:href="nl.imow-gm0297.gebied.2019000008"/>
						<l:LocatieRef xlink:href="nl.imow-gm0297.gebied.2019000009"/>
						<l:LocatieRef xlink:href="nl.imow-gm0297.gebied.2019000010"/>
						<l:LocatieRef xlink:href="nl.imow-gm0297.gebied.2019000011"/>
						<l:LocatieRef xlink:href="nl.imow-gm0297.gebied.2019000013"/>
					</r:locatieaanduiding>
					<r:omgevingsnormaanduiding>
					    <rol:OmgevingsnormRef xlink:href="nl.imow-gm0297.omgevingsnorm.2019000002"/> <!-- maximum bouwhoogte bedrijfsgebouw -->
					</r:omgevingsnormaanduiding>
				</r:RegelVoorIedereen>
			</ow-dc:owObject>
		</sl:stand>
		<!-- artikel 2.15 -->
		<sl:stand>
			<ow-dc:owObject>
				<r:Regeltekst wId="gm0297_1__subchp_2.5__art_2.15">
					<r:identificatie>nl.imow-gm0297.regeltekst.2019000015</r:identificatie>
				</r:Regeltekst>
			</ow-dc:owObject>
		</sl:stand>
		<sl:stand>
			<ow-dc:owObject>
				<r:RegelVoorIedereen>
					<r:identificatie>nl.imow-gm0297.juridischeregel.2019000017</r:identificatie>
					<r:idealisatie>http://standaarden.omgevingswet.overheid.nl/idealisatie/id/concept/Exact</r:idealisatie>
					<r:artikelOfLid>
						<r:RegeltekstRef xlink:href="nl.imow-gm0297.regeltekst.2019000015"/>
					</r:artikelOfLid>
					<r:locatieaanduiding>
						<l:LocatieRef xlink:href="nl.imow-gm0297.gebied.2019000002"/>
						<l:LocatieRef xlink:href="nl.imow-gm0297.gebied.2019000003"/>
						<l:LocatieRef xlink:href="nl.imow-gm0297.gebied.2019000004"/>
					</r:locatieaanduiding>
					<r:kaartaanduiding>
						<k:KaartRef xlink:href="nl.imow-gm0297.kaart.2019000001"/>
					</r:kaartaanduiding>
					<r:omgevingsnormaanduiding>
					    <rol:OmgevingsnormRef xlink:href="nl.imow-gm0297.omgevingsnorm.2019000003"/> <!--welstandsniveau-->
					</r:omgevingsnormaanduiding>
				</r:RegelVoorIedereen>
			</ow-dc:owObject>
		</sl:stand>
	</sl:standBestand>
</ow-dc:owBestand>
