<?xml version="1.0" encoding="UTF-8"?>
<AanleveringGIO xmlns="https://standaarden.overheid.nl/lvbb/stop/"
    xmlns:xsi="http://www.w3.org/2001/XMLSchema-instance" xmlns:gml="http://www.opengis.net/gml/3.2"
    xmlns:xlink="http://www.w3.org/1999/xlink" schemaversie="0.98.3-kern"
    xsi:schemaLocation="https://standaarden.overheid.nl/lvbb/stop/ https://raw.githubusercontent.com/Geonovum/xml_op_xsd_0.98.3-kern/master/lvbb/LVBB-stop.xsd">
    <InformatieObjectVersie>
        <ExpressionIdentificatie xmlns="https://standaarden.overheid.nl/stop/imop/data/">
            <FRBRWork>/join/id/regdata/mnre1034/2019/GIO_civiele_explosieaandachtsgebieden_zoneA</FRBRWork>
            <FRBRExpression>/join/id/regdata/mnre1034/2019/GIO_civiele_explosieaandachtsgebieden_zoneA/nld@2019-12-01</FRBRExpression>
            <soortWork>/join/id/stop/work_007</soortWork>
        </ExpressionIdentificatie>
        <InformatieObjectMetadata xmlns="https://standaarden.overheid.nl/stop/imop/data/">
            <eindverantwoordelijke>/join/id/stop/ministerie/mnre1034</eindverantwoordelijke>
            <maker>/join/id/stop/ministerie/mnre1034</maker>
            <noemer>civiele_explosieaandachtsgebieden_zoneA</noemer>
            <officieleTitel>civiele_explosieaandachtsgebieden_zoneA</officieleTitel>
            <publicatieinstructie>TeConsolideren</publicatieinstructie>
            <soortInformatieobject>/join/id/stop/informatieobject/gio_001</soortInformatieobject>
            <!-- Koppeling naar het gml-bestand -->
            <heeftBestanden>
                <heeftBestand>
                    <Bestand>
                        <bestandsnaam>civiele_explosieaandachtsgebieden_zoneA.gml</bestandsnaam>
                        <!-- <https://www.gnu.org/software/coreutils/ -->
                        <!--  SHA512 (512-bit) checksums: The sums are computed as described in FIPS-180-2. -->
                        <hash>ea8340e5c76b3e45f87cf37497b56bb01e8ef82346ef001923028e5d8067a2d5465587dfa86ddecefc45ce56c17779e3e825281e31ff881bc4d93bea07bd5fad</hash>
                    </Bestand>
                </heeftBestand>
            </heeftBestanden>
        </InformatieObjectMetadata>
        <GeoInformatie xmlns="https://standaarden.overheid.nl/stop/imop/geo/">
            <featureMember>
                <Locatie xmlns:gml="http://www.opengis.net/gml/3.2"
                    gml:id="civiele_explosieaandachtsgebieden_zoneA_1">
                    <wId>civiele_explosieaandachtsgebieden_zoneA_1</wId>
                    <geometrie xmlns:xlink="http://www.w3.org/1999/xlink"
                        xlink:href="civiele_explosieaandachtsgebieden_zoneA.gml#28c9000b-9667-41ff-b91a-d665c99b9d01"
                    />
                </Locatie>
            </featureMember>
            <featureMember>
                <Locatie xmlns:gml="http://www.opengis.net/gml/3.2"
                    gml:id="civiele_explosieaandachtsgebieden_zoneA_2">
                    <wId>civiele_explosieaandachtsgebieden_zoneA_2</wId>
                    <geometrie xmlns:xlink="http://www.w3.org/1999/xlink"
                        xlink:href="civiele_explosieaandachtsgebieden_zoneA.gml#28c9000b-9667-41ff-b91a-d665c99b9d02"
                    />
                </Locatie>
            </featureMember>
            <featureMember>
                <Locatie xmlns:gml="http://www.opengis.net/gml/3.2"
                    gml:id="civiele_explosieaandachtsgebieden_zoneA_3">
                    <wId>civiele_explosieaandachtsgebieden_zoneA_3</wId>
                    <geometrie xmlns:xlink="http://www.w3.org/1999/xlink"
                        xlink:href="civiele_explosieaandachtsgebieden_zoneA.gml#28c9000b-9667-41ff-b91a-d665c99b9d03"
                    />
                </Locatie>
            </featureMember>
        </GeoInformatie>
        <Achtergrond xmlns="https://standaarden.overheid.nl/stop/imop/data/">
            <bronactualiteit>2019-01-01</bronactualiteit>
            <bronbeschrijving>top10nl</bronbeschrijving>
            <brontype>achtergrond</brontype>
            <nauwkeurigheid>10</nauwkeurigheid>
        </Achtergrond>
    </InformatieObjectVersie>
</AanleveringGIO>
