<?xml version="1.0" encoding="UTF-8"?>
<AanleveringGIO xmlns="https://standaarden.overheid.nl/lvbb/stop/" xmlns:xsi="http://www.w3.org/2001/XMLSchema-instance" xmlns:gml="http://www.opengis.net/gml/3.2" xmlns:xlink="http://www.w3.org/1999/xlink" schemaversie="0.98.3-kern" xsi:schemaLocation="http://www.overheid.nl/imop/def# ../lvbb/LVBB-stop.xsd">
   <InformatieObjectVersie>
      <ExpressionIdentificatie xmlns="https://standaarden.overheid.nl/stop/imop/data/">
         <FRBRWork>/join/id/regdata/ws0659/2019/nl.imow-ws0659.gebied.gml42</FRBRWork>
         <FRBRExpression>/join/id/regdata/ws0659/2019/nl.imow-ws0659.gebied.gml42/nld@2019-01-04</FRBRExpression>
         <soortWork>/join/id/stop/work_007</soortWork>
      </ExpressionIdentificatie>
      <InformatieObjectMetadata xmlns="https://standaarden.overheid.nl/stop/imop/data/">
         <eindverantwoordelijke>/tooi/id/waterschap/ws0659</eindverantwoordelijke>
         <maker>/tooi/id/waterschap/ws0659</maker>
         <noemer>oppervlaktewater</noemer>
         <officieleTitel>oppervlaktewater</officieleTitel>
         <publicatieinstructie>TeConsolideren</publicatieinstructie>
         <soortInformatieobject>/join/id/stop/informatieobject/gio_001</soortInformatieobject>
         <!-- Koppeling naar het gml-bestand -->
         <heeftBestanden>
            <heeftBestand>
               <Bestand>
                  <bestandsnaam>WaterschapsverordeningLocaties42.gml</bestandsnaam>
                  <hash>5fcca8f373393ae23324622d93c93ef6aa46835a3290bf443b9c9c413f0c9adcc95be2cf9f90e3965a2b8788b1296c49723bf43f0395c129cc7fbc468bab8448</hash>
               </Bestand>
            </heeftBestand>
         </heeftBestanden>
      </InformatieObjectMetadata>
      <GeoInformatie xmlns="https://standaarden.overheid.nl/stop/imop/geo/">
         <featureMember>
            <Locatie gml:id="oppervlaktewater">
               <wId>oppervlaktewater</wId>
               <naam>oppervlaktewater</naam>
               <geometrie xlink:href="WaterschapsverordeningLocaties42.gml#13B34F36-1C71-4993-BF08-D33122DB2A06"/>
            </Locatie>
         </featureMember>
      </GeoInformatie>
      <Achtergrond xmlns="https://standaarden.overheid.nl/stop/imop/data/">
         <bronactualiteit>2019-05-01</bronactualiteit>
         <bronbeschrijving>top10nl</bronbeschrijving>
         <brontype>achtergrond</brontype>
         <nauwkeurigheid>10</nauwkeurigheid>
      </Achtergrond>
   </InformatieObjectVersie>
</AanleveringGIO>