<?xml version="1.0" encoding="UTF-8"?>
<AanleveringGIO xmlns="https://standaarden.overheid.nl/lvbb/stop/" xmlns:xsi="http://www.w3.org/2001/XMLSchema-instance" xmlns:gml="http://www.opengis.net/gml/3.2" xmlns:xlink="http://www.w3.org/1999/xlink" schemaversie="0.98.3-kern" xsi:schemaLocation="http://www.overheid.nl/imop/def# ../lvbb/LVBB-stop.xsd">
   <InformatieObjectVersie>
      <ExpressionIdentificatie xmlns="https://standaarden.overheid.nl/stop/imop/data/">
         <FRBRWork>/join/id/regdata/gm0599/2019/loc_05</FRBRWork>
         <FRBRExpression>/join/id/regdata/gm0599/2019/loc_05/@nld@2019-06-01</FRBRExpression>
         <soortWork>/join/id/stop/work_007</soortWork>
      </ExpressionIdentificatie>
      <InformatieObjectMetadata xmlns="https://standaarden.overheid.nl/stop/imop/data/">
         <eindverantwoordelijke>/tooi/id/gemeente/gm0599</eindverantwoordelijke>
         <maker>/tooi/id/gemeente/gm0599</maker>
         <noemer>Europort &amp; Botlek</noemer>
         <officieleTitel>Europort &amp; Botlek</officieleTitel>
         <publicatieinstructie>TeConsolideren</publicatieinstructie>
         <soortInformatieobject>/join/id/stop/informatieobject/gio_001</soortInformatieobject>
         <!-- Koppeling naar het gml-bestand -->
         <heeftBestanden>
            <heeftBestand>
               <Bestand>
                  <bestandsnaam>Europort_en_Botlek.gml</bestandsnaam>
                  <hash>a9d1b94a17e5446d02b57f8916f4881563083289a1d3b017bd15c4c8127ce09fc9d074038cf911f3bd7e78e32c07a712a1f63693036f3915ad6e46ba5026a773</hash>
               </Bestand>
            </heeftBestand>
         </heeftBestanden>
      </InformatieObjectMetadata>
      <GeoInformatie xmlns="https://standaarden.overheid.nl/stop/imop/geo/">
         <featureMember>
            <Locatie gml:id="Europort_en_Botlek">
               <wId>Europort_en_Botlek</wId>
               <naam>Europort en Botlek</naam>
               <geometrie xlink:href="Europort_en_Botlek.gml#9DCE79FA-3444-45BA-8519-BC5160BFBE94"/>
            </Locatie>
         </featureMember>
      </GeoInformatie>
      <Achtergrond xmlns="https://standaarden.overheid.nl/stop/imop/data/">
         <bronactualiteit>2019-01-01</bronactualiteit>
         <bronbeschrijving>top10nl</bronbeschrijving>
         <brontype>achtergrond</brontype>
         <nauwkeurigheid>10</nauwkeurigheid>
      </Achtergrond>
   </InformatieObjectVersie>
</AanleveringGIO>