<?xml version="1.0" encoding="UTF-8"?>
<ow-dc:owBestand xmlns:xsi="http://www.w3.org/2001/XMLSchema-instance"
	xmlns:xlink="http://www.w3.org/1999/xlink" 
	xmlns:ga="http://www.geostandaarden.nl/imow/gebiedsaanwijzing/v20190709" 
	xmlns:gml="http://www.opengis.net/gml/3.2" 
	xmlns:l="http://www.geostandaarden.nl/imow/locatie/v20190901" 
	xmlns:g-ref="http://www.geostandaarden.nl/imow/geometrie-ref/v20190901"
	xmlns:ga-ref="http://www.geostandaarden.nl/imow/gebiedsaanwijzing-ref/v20190709" 
	xmlns:da="http://www.geostandaarden.nl/imow/datatypenalgemeen/v20190709" 
	xmlns:sl="http://www.geostandaarden.nl/bestanden-ow/standlevering-generiek/v20190301" 
	xmlns:ow-dc="http://www.geostandaarden.nl/imow/bestanden/deelbestand/v20190901" 
	xmlns:rol="http://www.geostandaarden.nl/imow/regelsoplocatie/v20190901" 
	xmlns:l-ref="http://www.geostandaarden.nl/imow/locatie-ref/v20190901" 
	xmlns:rol-ref="http://www.geostandaarden.nl/imow/regelsoplocatie-ref/v20190709" 
	xmlns:rkow="http://www.geostandaarden.nl/imow/regeltekstkoppelingow/v20190709" 
	xmlns:r="http://www.geostandaarden.nl/imow/regels/v20190901" 
	xmlns:r-ref="http://www.geostandaarden.nl/imow/regels-ref/v20190709"
	xmlns:ow="http://www.geostandaarden.nl/imow/owobject/v20190709"
	xsi:schemaLocation="http://www.geostandaarden.nl/imow/0.98.1 ../xsd/bestanden-ow/deelbestand-ow/v20190901/IMOW_Deelbestand_v0_9_8_2.xsd">
<!-- Voorbeeldbestand voor de OW-bestanden omgezet van STOP versie 0.97.1 naar versie 0.98-beta 

	Documentatie zoals het bijbehorende (C)IMOW in de keten van plan tot publiciatie is te vinden op: 
	https://github.com/Geonovum/TPOD/ 

	In het bijzonder de volgende documenten: 
	CIMOW versie 0.97.5 - het informatiemodel 
	IMOW - plan tot publicatie - hulpdocument voor het toepassen van het informatiemodel in deze keten.
	
  AdB: Ten opzichte van versie 0.97.1 zijn de volgende wijzigingen doorgevoerd:
      - Wijzigen namespace van "../imow/bestanden/***/v20190301" naar "../imow/bestanden/***/v20190709"
      - Hernoemen element 'Locatiegroep' naar 'Gebiedengroep'
      - Hernoemen element 'omvat' naar 'groepselement'
      - Volgorde van elementen binnen 'Gebied' aangepast
  GW: Verdere wijzigingen ten behoeve van validatie:
      - gm0000 en gm.0000 veranderd in gm0037
      - Verwijzing naar het schema aangepast
      - Namespaces op root gezet
      - Object Identificatie aangepast
-->
	<sl:standBestand>
		<sl:dataset>Gemeentestad</sl:dataset>
		<sl:inhoud>
			<sl:gebied>Gemeentestad</sl:gebied>
			<sl:leveringsId>abc-20190221-0801</sl:leveringsId>
			<sl:objectTypen>
				<sl:objectType>Gebied</sl:objectType>
				<sl:objectType>Gebiedengroep</sl:objectType>
			</sl:objectTypen>
		</sl:inhoud>
		<sl:stand>
			<ow-dc:owObject>
				<l:Gebied ow:regeltekstId="nl.imow-gm0037.regeltekst.2019000001">
					<!-- artikel waar de locatie bijhoort en gedefinieerd wordt voor 1e keer - artikel 2.3 -->
					<l:identificatie>nl.imow-gm0037.gebied.2019000001</l:identificatie>
					<l:noemer>Bedrijf categorie 2</l:noemer>
					<!-- zelfde als een functie -->
					<l:geometrie>
						<g-ref:GeometrieRef xlink:href="50EA019E-3C96-4631-A76C-35BCF4D7AB6D"/>
					</l:geometrie>
				</l:Gebied>
			</ow-dc:owObject>
		</sl:stand>
		<sl:stand>
			<ow-dc:owObject>
				<l:Gebied ow:regeltekstId="nl.imow-gm0037.regeltekst.2019000002">
					<!-- artikel waar de locatie bijhoort en gedefinieerd wordt voor 1e keer - artikel 2.4 -->
					<l:identificatie>nl.imow-gm0037.gebied.2019000002</l:identificatie>
					<l:noemer>zone A</l:noemer>
					<!-- zelfde als een functie -->
					<l:geometrie>
						<g-ref:GeometrieRef xlink:href="B3AF6AF7-5EFA-4A87-9C66-BFB046DD89AC"/>
					</l:geometrie>
				</l:Gebied>
			</ow-dc:owObject>
		</sl:stand>
		<sl:stand>
			<ow-dc:owObject>
				<l:Gebied ow:regeltekstId="nl.imow-gm0037.regeltekst.2019000005">
					<!-- artikel waar de locatie bijhoort en gedefinieerd wordt voor 1e keer - art 2.6 lid 1 -->
					<l:identificatie>nl.imow-gm0037.gebied.2019000003</l:identificatie>
					<l:noemer>zone B</l:noemer>
					<l:geometrie>
						<g-ref:GeometrieRef xlink:href="0868A0B1-DA79-4C33-8305-1BDE0126FA9A"/>
					</l:geometrie>
				</l:Gebied>
			</ow-dc:owObject>
		</sl:stand>
		<sl:stand>
			<ow-dc:owObject>
				<l:Gebied ow:regeltekstId="nl.imow-gm0037.regeltekst.2019000012">
					<!-- artikel waar de locatie bijhoort en gedefinieerd wordt voor 1e keer - artikel 2.9 -->
					<l:identificatie>nl.imow-gm0037.gebied.2019000004</l:identificatie>
					<l:noemer>Centrumgebied</l:noemer>
					<l:geometrie>
						<g-ref:GeometrieRef xlink:href="D28AF779-7EDD-4A88-8B11-809798F53636"/>
					</l:geometrie>
				</l:Gebied>
			</ow-dc:owObject>
		</sl:stand>
		<sl:stand>
			<ow-dc:owObject>
				<l:Gebied ow:regeltekstId="nl.imow-gm0037.regeltekst.2019000008">
					<!-- artikel waar de locatie bijhoort en gedefinieerd wordt voor 1e keer - artikel 2.10 -->
					<l:identificatie>nl.imow-gm0037.gebied.2019000007</l:identificatie>
					<l:noemer>exploiteren speelautomatenhal</l:noemer>
					<l:geometrie>
						<g-ref:GeometrieRef xlink:href="33B7D2D0-BF32-4CA1-B7F6-EB0FEF30175A"/>
					</l:geometrie>
				</l:Gebied>
			</ow-dc:owObject>
		</sl:stand>
		<sl:stand>
			<ow-dc:owObject>
				<l:Gebied ow:regeltekstId="nl.imow-gm0037.regeltekst.2019000008">
					<!-- artikel waar de locatie bijhoort en gedefinieerd wordt voor 1e keer - artikel 2.10 -->
					<l:identificatie>nl.imow-gm0037.gebied.2019000008</l:identificatie>
					<l:noemer>Zuilichem industriegebied 1</l:noemer>
					<l:geometrie>
						<g-ref:GeometrieRef xlink:href="772B4B37-69F8-4671-B92E-3BCED242409D"/>
					</l:geometrie>
				</l:Gebied>
			</ow-dc:owObject>
		</sl:stand>
		<sl:stand>
			<ow-dc:owObject>
				<l:Gebied ow:regeltekstId="nl.imow-gm0037.regeltekst.2019000008">
					<!-- artikel waar de locatie bijhoort en gedefinieerd wordt voor 1e keer - artikel 2.10 -->
					<l:identificatie>nl.imow-gm0037.gebied.2019000009</l:identificatie>
					<l:noemer>Zuilichem industriegebied 2</l:noemer>
					<l:geometrie>
						<g-ref:GeometrieRef xlink:href="D24C3416-4790-461C-A4D0-A82BA60CA7D6"/>
					</l:geometrie>
				</l:Gebied>
			</ow-dc:owObject>
		</sl:stand>
		<sl:stand>
			<ow-dc:owObject>
				<l:Gebied ow:regeltekstId="nl.imow-gm0037.regeltekst.2019000008">
					<!-- artikel waar de locatie bijhoort en gedefinieerd wordt voor 1e keer - artikel 2.10 -->
					<l:identificatie>nl.imow-gm0037.gebied.2019000010</l:identificatie>
					<l:noemer>Zuilichem industriegebied 3</l:noemer>
					<l:geometrie>
						<g-ref:GeometrieRef xlink:href="954BA8CC-6E90-4698-BEEC-005A65C63E98"/>
					</l:geometrie>
				</l:Gebied>
			</ow-dc:owObject>
		</sl:stand>
		<sl:stand>
			<ow-dc:owObject>
				<l:Gebied ow:regeltekstId="nl.imow-gm0037.regeltekst.2019000008">
					<!-- artikel waar de locatie bijhoort en gedefinieerd wordt voor 1e keer - artikel 2.10 -->
					<l:identificatie>nl.imow-gm0037.gebied.2019000011</l:identificatie>
					<l:noemer>Zuilichem industriegebied 4</l:noemer>
					<l:geometrie>
						<g-ref:GeometrieRef xlink:href="EFAAD5E9-B181-4C22-9C3B-B290F4586D82"/>
					</l:geometrie>
				</l:Gebied>
			</ow-dc:owObject>
		</sl:stand>
	</sl:standBestand>
</ow-dc:owBestand>
