<?xml version="1.0" encoding="utf-8"?>
<AanleveringInformatieObject xmlns="https://standaarden.overheid.nl/lvbb/stop/aanlevering/"
                             schemaversie="1.0.3">
   <InformatieObjectVersie>
      <ExpressionIdentificatie xmlns="https://standaarden.overheid.nl/stop/imop/data/">
         <FRBRWork>/join/id/regdata/pv26/2020/voorlopigelijstwerelderfgoederenhollandsewaterlinies</FRBRWork>
         <FRBRExpression>/join/id/regdata/pv26/2020/voorlopigelijstwerelderfgoederenhollandsewaterlinies/nld@2020-06-02</FRBRExpression>
         <soortWork>/join/id/stop/work_010</soortWork>
      </ExpressionIdentificatie>
      <InformatieObjectVersieMetadata xmlns="https://standaarden.overheid.nl/stop/imop/data/">
         <heeftGeboorteregeling>/akn/nl/act/pv26/2020/OVPU001</heeftGeboorteregeling>
         <heeftBestanden>
            <heeftBestand>
               <Bestand>
                  <bestandsnaam>Voorlopigelijst-UNESCO-HollandseWaterlinies.gml</bestandsnaam>
                  <hash>6f6ba81a94187e9c6fed4928830aa87bf401e8f6536f93dd97ae4ba11c6871dd30cf9383d22367b2f4ef466a2afde0934ed124b6cd57f9352dabfbb6b2c202c6</hash>
               </Bestand>
            </heeftBestand>
         </heeftBestanden>
      </InformatieObjectVersieMetadata>
      <InformatieObjectMetadata xmlns="https://standaarden.overheid.nl/stop/imop/data/">
         <eindverantwoordelijke>/tooi/id/provincie/pv26</eindverantwoordelijke>
         <maker>/tooi/id/provincie/pv26</maker>
         <alternatieveTitels>
            <alternatieveTitel>(Voorlopige Lijst) Werelderfgoederen Hollandse Waterlinies</alternatieveTitel>
         </alternatieveTitels>
         <officieleTitel>/join/id/regdata/pv26/2020/voorlopigelijstwerelderfgoederenhollandsewaterlinies</officieleTitel>
         <publicatieinstructie>TeConsolideren</publicatieinstructie>
         <naamInformatieObject>(Voorlopige Lijst) Werelderfgoederen Hollandse Waterlinies</naamInformatieObject>
         <formaatInformatieobject>/join/id/stop/informatieobject/gio_002</formaatInformatieobject>
      </InformatieObjectMetadata>
   </InformatieObjectVersie>
</AanleveringInformatieObject>
