<?xml version="1.0" encoding="utf-8"?>
<AanleveringInformatieObject xmlns="https://standaarden.overheid.nl/lvbb/stop/aanlevering/"
                             schemaversie="1.0.3">
   <InformatieObjectVersie>
      <ExpressionIdentificatie xmlns="https://standaarden.overheid.nl/stop/imop/data/">
         <FRBRWork>/join/id/regdata/pv26/2020/stiltegebied</FRBRWork>
         <FRBRExpression>/join/id/regdata/pv26/2020/stiltegebied/nld@2020-06-02</FRBRExpression>
         <soortWork>/join/id/stop/work_010</soortWork>
      </ExpressionIdentificatie>
      <InformatieObjectVersieMetadata xmlns="https://standaarden.overheid.nl/stop/imop/data/">
         <heeftGeboorteregeling>/akn/nl/act/pv26/2020/OVPU001</heeftGeboorteregeling>
         <heeftBestanden>
            <heeftBestand>
               <Bestand>
                  <bestandsnaam>Stiltegebied.gml</bestandsnaam>
                  <hash>856f0aec56bbf55fa05e67e77794eeb902020f32199003c3ceb594126384a90560563c8e5b4a2a92dc0e63e81043991912e77a7e100bf3e9cca108f4084cd5b6</hash>
               </Bestand>
            </heeftBestand>
         </heeftBestanden>
      </InformatieObjectVersieMetadata>
      <InformatieObjectMetadata xmlns="https://standaarden.overheid.nl/stop/imop/data/">
         <eindverantwoordelijke>/tooi/id/provincie/pv26</eindverantwoordelijke>
         <maker>/tooi/id/provincie/pv26</maker>
         <alternatieveTitels>
            <alternatieveTitel>Stiltegebied</alternatieveTitel>
         </alternatieveTitels>
         <officieleTitel>/join/id/regdata/pv26/2020/stiltegebied</officieleTitel>
         <publicatieinstructie>TeConsolideren</publicatieinstructie>
         <naamInformatieObject>Stiltegebied</naamInformatieObject>
         <formaatInformatieobject>/join/id/stop/informatieobject/gio_002</formaatInformatieobject>
      </InformatieObjectMetadata>
   </InformatieObjectVersie>
</AanleveringInformatieObject>
