<?xml version="1.0" encoding="UTF-8"?>
<AanleveringGIO
   xmlns:xsi="http://www.w3.org/2001/XMLSchema-instance"
   xmlns:xlink="http://www.w3.org/1999/xlink"
   xmlns:gml="http://www.opengis.net/gml/3.2"
   xmlns="https://standaarden.overheid.nl/lvbb/stop/"
   xsi:schemaLocation="https://standaarden.overheid.nl/lvbb/stop/ ../lvbb/LVBB-stop.xsd" 
   schemaversie="0.98.3-kern">
   <InformatieObjectVersie>
      <ExpressionIdentificatie xmlns="https://standaarden.overheid.nl/stop/imop/data/">
         <FRBRWork>/join/id/regdata/gm0037/2019/Zuilichem_1</FRBRWork>
         <FRBRExpression>/join/id/regdata/gm0037/2019/Zuilichem_1/nld@2019-06-18;3520</FRBRExpression>
         <soortWork>/join/id/stop/work_007</soortWork>
      </ExpressionIdentificatie>
      <InformatieObjectMetadata xmlns="https://standaarden.overheid.nl/stop/imop/data/">
         <eindverantwoordelijke>/join/id/stop/gemeente/gm0037</eindverantwoordelijke>
         <maker>/tooi/id/gemeente/gm0037</maker>
         <noemer>Zuilichem industriegebied 1</noemer>
         <officieleTitel>Zuilichem industriegebied 1</officieleTitel>
         <publicatieinstructie>TeConsolideren</publicatieinstructie>
         <soortInformatieobject>/join/id/stop/informatieobject/gio_001</soortInformatieobject>
         <!-- Koppeling naar het gml-bestand -->
         <heeftBestanden>
            <heeftBestand>
               <Bestand>
                  <bestandsnaam>Zuilichem_industriegebied_1.gml</bestandsnaam>
                  <hash>9bef6ca7e62854fe6cc27ce3fa07ea126de5ee7a773649071883708b593df9350552ff14090fd58b1137b8ab25dc76281aa80021fa879e9da9346307ac69795d</hash>
               </Bestand>
            </heeftBestand>
         </heeftBestanden>
      </InformatieObjectMetadata>
      <GeoInformatie xmlns="https://standaarden.overheid.nl/stop/imop/geo/">
         <featureMember>
            <Locatie gml:id="Zuilichem_industriegebied_1">
               <wId>Zuilichem_industriegebied_1</wId>
               <naam>Zuilichem industriegebied 1</naam>
               <geometrie xlink:href="Zuilichem_industriegebied_1.gml#772B4B37-69F8-4671-B92E-3BCED242409D"></geometrie>
            </Locatie>
         </featureMember>
      </GeoInformatie>
   <Achtergrond xmlns="https://standaarden.overheid.nl/stop/imop/data/">
      <bronactualiteit>2019-01-01</bronactualiteit>
      <bronbeschrijving>top10nl</bronbeschrijving>
      <brontype>achtergrond</brontype>
      <nauwkeurigheid>10</nauwkeurigheid>
   </Achtergrond>
   </InformatieObjectVersie>
</AanleveringGIO>
   