﻿{
	"waardelijsten": {
		"waardelijst": [
			{
				"naam": "Activiteitengroep",
				"type": "gesloten",
				"opmerking": "Attribuut dat zorgt voor weergave van de symbolisatie van Activiteit op de kaart",
				"waarden": {
					"waarde": [
						{
							"naam": "beperkingengebiedactiviteit",
							"opmerking": ""
						},
						{
							"naam": "beperkingengebiedactiviteit m.b.t. een bergingsgebied",
							"opmerking": ""
						},
						{
							"naam": "beperkingengebiedactiviteit m.b.t. een oppervlaktewaterlichaam",
							"opmerking": ""
						},
						{
							"naam": "beperkingengebiedactiviteit m.b.t. een overig waterstaatswerk",
							"opmerking": ""
						},
						{
							"naam": "beperkingengebiedactiviteit m.b.t. een waterkering",
							"opmerking": ""
						},
						{
							"naam": "beperkingengebiedactiviteit m.b.t. een zuiveringstechnisch werk",
							"opmerking": ""
						},
						{
							"naam": "beperkingengebiedactiviteit m.b.t. grondwater",
							"opmerking": ""
						},
						{
							"naam": "beperkingengebiedactiviteit m.b.t. zeegebied",
							"opmerking": ""
						},
						{
							"naam": "bodemactiviteit",
							"opmerking": ""
						},
						{
							"naam": "bouwactiviteit",
							"opmerking": ""
						},
						{
							"naam": "cultureel-erfgoedactiviteit",
							"opmerking": ""
						},
						{
							"naam": "dierenactiviteit",
							"opmerking": ""
						},
						{
							"naam": "evenementactiviteit",
							"opmerking": ""
						},
						{
							"naam": "flora- en fauna-activiteit",
							"opmerking": ""
						},
						{
							"naam": "kapactiviteit",
							"opmerking": ""
						},
						{
							"naam": "ligplaatsactiviteit",
							"opmerking": ""
						},
						{
							"naam": "lozingsactiviteit",
							"opmerking": ""
						},
						{
							"naam": "mijnbouwlocatieactiviteit",
							"opmerking": ""
						},
						{
							"naam": "milieubelastende activiteit",
							"opmerking": ""
						},
						{
							"naam": "monumentenactiviteit",
							"opmerking": ""
						},
						{
							"naam": "Natura 2000-activiteit",
							"opmerking": ""
						},
						{
							"naam": "natuuractiviteit",
							"opmerking": ""
						},
						{
							"naam": "nazorgactiviteit",
							"opmerking": ""
						},
						{
							"naam": "Noordzee-activiteit",
							"opmerking": ""
						},
						{
							"naam": "ontgrondingsactiviteit",
							"opmerking": ""
						},
						{
							"naam": "opslagactiviteit",
							"opmerking": ""
						},
						{
							"naam": "parkeeractiviteit",
							"opmerking": ""
						},
						{
							"naam": "reclameactiviteit",
							"opmerking": ""
						},
						{
							"naam": "sloopactiviteit",
							"opmerking": ""
						},
						{
							"naam": "spoorwegactiviteit",
							"opmerking": ""
						},
						{
							"naam": "standplaatsactiviteit",
							"opmerking": ""
						},
						{
							"naam": "stortingsactiviteit",
							"opmerking": ""
						},
						{
							"naam": "uitwegactiviteit",
							"opmerking": ""
						},
						{
							"naam": "verrichten-van-werken-en-werkzaamhedenactiviteit",
							"opmerking": ""
						},
						{
							"naam": "wateractiviteit",
							"opmerking": ""
						},
						{
							"naam": "wateronttrekkingsactiviteit",
							"opmerking": ""
						},
						{
							"naam": "waterstaatswerkenactiviteit",
							"opmerking": ""
						},
						{
							"naam": "wegactiviteit",
							"opmerking": ""
						},
						{
							"naam": "werelderfgoedactiviteit",
							"opmerking": ""
						}
					]
				}
			},
			{
				"naam": "Activiteitregelkwalificatie",
				"type": "gesloten",
				"opmerking": "Attribuut indien type Juridische regel = regel voor iedereen en annotatie Activiteit toegepast",
				"waarden": {
					"waarde": [
						{
							"naam": "gebod",
							"opmerking": ""
						},
						{
							"naam": "informatieplicht",
							"opmerking": ""
						},
						{
							"naam": "meldingsplicht",
							"opmerking": ""
						},
						{
							"naam": "toegestaan",
							"opmerking": "(toegestaan zonder dat vergunning of melding vereist is)"
						},
						{
							"naam": "verbod",
							"opmerking": "(absoluut verbod)"
						},
						{
							"naam": "vergunningplicht",
							"opmerking": ""
						}
					]
				}
			},
			{
				"naam": "Adressaat",
				"type": "gesloten",
				"opmerking": "Attribuut indien type Juridische regel = instructieregel en gekozen is voor attribuut instructieregelTaakuitoefening",
				"waarden": {
					"waarde": [
						{
							"naam": "faunabeheereenheid",
							"opmerking": ""
						},
						{
							"naam": "gemeentebestuur",
							"opmerking": ""
						},
						{
							"naam": "provinciebestuur",
							"opmerking": ""
						},
						{
							"naam": "rijk",
							"opmerking": ""
						},
						{
							"naam": "waterschapsbestuur",
							"opmerking": ""
						},
						{
							"naam": "wildbeheereenheid",
							"opmerking": ""
						},
						{
							"naam": "zonebeheerder",
							"opmerking": ""
						}
					]
				}
			},
			{
				"naam": "Eenheid",
				"type": "open",
				"opmerking": "Eenheid is het element dat aangeeft in welke grootheid de numerieke waarde wordt uitgedrukt",
				"waarden": {
					"waarde": [
						{
							"naam": "%",
							"opmerking": ""
						},
						{
							"naam": "°C",
							"opmerking": ""
						},
						{
							"naam": "aantal",
							"opmerking": ""
						},
						{
							"naam": "avondperiode",
							"opmerking": ""
						},
						{
							"naam": "cm",
							"opmerking": ""
						},
						{
							"naam": "dagperiode",
							"opmerking": ""
						},
						{
							"naam": "dB",
							"opmerking": ""
						},
						{
							"naam": "dB(A)",
							"opmerking": ""
						},
						{
							"naam": "Laeq",
							"opmerking": ""
						},
						{
							"naam": "kg",
							"opmerking": ""
						},
						{
							"naam": "km",
							"opmerking": ""
						},
						{
							"naam": "km2",
							"opmerking": ""
						},
						{
							"naam": "kPa",
							"opmerking": ""
						},
						{
							"naam": "Laeq",
							"opmerking": ""
						},
						{
							"naam": "Lden",
							"opmerking": ""
						},
						{
							"naam": "liter",
							"opmerking": ""
						},
						{
							"naam": "Lnight",
							"opmerking": ""
						},
						{
							"naam": "m2",
							"opmerking": ""
						},
						{
							"naam": "m3",
							"opmerking": ""
						},
						{
							"naam": "meter",
							"opmerking": ""
						},
						{
							"naam": "mg N",
							"opmerking": ""
						},
						{
							"naam": "mg/l",
							"opmerking": ""
						},
						{
							"naam": "mg/l-N",
							"opmerking": ""
						},
						{
							"naam": "mg/l-P",
							"opmerking": ""
						},
						{
							"naam": "minuut",
							"opmerking": ""
						},
						{
							"naam": "mm",
							"opmerking": ""
						},
						{
							"naam": "nachtperiode",
							"opmerking": ""
						},
						{
							"naam": "odour unit",
							"opmerking": ""
						},
						{
							"naam": "seconde",
							"opmerking": ""
						},
						{
							"naam": "Tkook",
							"opmerking": ""
						},
						{
							"naam": "Tkrit",
							"opmerking": ""
						},
						{
							"naam": "uur",
							"opmerking": ""
						},
						{
							"naam": "μg/kg",
							"opmerking": ""
						},
						{
							"naam": "μg/l",
							"opmerking": ""
						},
						{
							"naam": "μg/m3",
							"opmerking": ""
						}
					]
				}
			},
			{
				"naam": "Idealisatie",
				"type": "gesloten",
				"opmerking": "Attribuut dat vastlegt op welke manier de begrenzing van Locatie geïnterpreteerd moet worden en door het bevoegd gezag bedoeld is.",
				"waarden": {
					"waarde": [
						{
							"naam": "exact",
							"opmerking": ""
						},
						{
							"naam": "indicatief",
							"opmerking": ""
						}
					]
				}
			},
			{
				"naam": "InstructieregelInstrument",
				"type": "gesloten",
				"opmerking": "Attribuut indien type Juridische regel = instructieregel en gekozen is voor attribuut instructieregelInstrument",
				"waarden": {
					"waarde": [
						{
							"naam": "besluit tot aanwijzing natuurgebied",
							"opmerking": ""
						},
						{
							"naam": "besluit tot het buiten toepassing laten van regels",
							"opmerking": "(als bedoeld in artikel 5.53 Ow)"
						},
						{
							"naam": "besluit tot instellen zwemverbod of geven negatief zwemadvies",
							"opmerking": ""
						},
						{
							"naam": "besluit tot vaststelling van geluidproductieplafonds als omgevingswaarden",
							"opmerking": ""
						},
						{
							"naam": "besluit tot vaststelling van geluidwerende maatregelen",
							"opmerking": ""
						},
						{
							"naam": "calamiteitenplan",
							"opmerking": ""
						},
						{
							"naam": "legger",
							"opmerking": ""
						},
						{
							"naam": "maatwerkvoorschrift",
							"opmerking": ""
						},
						{
							"naam": "monitoringsprogramma",
							"opmerking": ""
						},
						{
							"naam": "omgevingsplan",
							"opmerking": ""
						},
						{
							"naam": "omgevingsverordening",
							"opmerking": ""
						},
						{
							"naam": "peilbesluit",
							"opmerking": ""
						},
						{
							"naam": "plan waarvoor passende beoordeling gemaakt moet worden",
							"opmerking": "(zie artikel 2.25 lid 1 onder b jo 16.53a Ow, via Aanvullingswet natuur)"
						},
						{
							"naam": "programma",
							"opmerking": ""
						},
						{
							"naam": "projectbesluit",
							"opmerking": ""
						},
						{
							"naam": "waterschapsverordening",
							"opmerking": ""
						}
					]
				}
			},
			{
				"naam": "Omgevingsnormgroep",
				"type": "gesloten",
				"opmerking": "Attribuut dat zorgt voor weergave van de symbolisatie van Omgevingsnorm op de kaart",
				"waarden": {
					"waarde": [
						{
							"naam": "bouwaanduiding",
							"opmerking": ""
						},
						{
							"naam": "geluid",
							"opmerking": ""
						},
						{
							"naam": "luchtkwaliteit",
							"opmerking": ""
						},
						{
							"naam": "maatvoering bouwen",
							"opmerking": ""
						},
						{
							"naam": "overig",
							"opmerking": ""
						},
						{
							"naam": "parkeren",
							"opmerking": ""
						},
						{
							"naam": "water",
							"opmerking": ""
						}
					]
				}
			},
			{
				"naam": "Omgevingswaardegroep",
				"type": "gesloten",
				"opmerking": "Attribuut dat zorgt voor weergave van de symbolisatie van Omgevingswaarde op de kaart",
				"waarden": {
					"waarde": [
						{
							"naam": "duurzaamheid",
							"opmerking": ""
						},
						{
							"naam": "geluid",
							"opmerking": "(waaronder geluidproductieplafonds)"
						},
						{
							"naam": "geur",
							"opmerking": ""
						},
						{
							"naam": "gezondheid",
							"opmerking": ""
						},
						{
							"naam": "licht",
							"opmerking": ""
						},
						{
							"naam": "luchtkwaliteit",
							"opmerking": ""
						},
						{
							"naam": "omgevingskwaliteit",
							"opmerking": ""
						},
						{
							"naam": "overig",
							"opmerking": ""
						},
						{
							"naam": "stedenbouwkundige kwaliteit",
							"opmerking": ""
						},
						{
							"naam": "trilling",
							"opmerking": ""
						},
						{
							"naam": "veiligheid",
							"opmerking": ""
						},
						{
							"naam": "veiligheid waterkering",
							"opmerking": ""
						},
						{
							"naam": "waterkwaliteit",
							"opmerking": ""
						},
						{
							"naam": "zwemlocaties",
							"opmerking": ""
						}
					]
				}
			},
			{
				"naam": "Thema",
				"type": "open",
				"opmerking": "Tekstgebonden attribuut dat kernachtig de grondgedachte van de Juridische regel of de beleidstekst geeft.",
				"waarden": {
					"waarde": [
						{
							"naam": "Algemeen",
							"opmerking": ""
						},
						{
							"naam": "Algemeen - bouwwerken",
							"opmerking": ""
						},
						{
							"naam": "Algemeen - duurzaamheid",
							"opmerking": ""
						},
						{
							"naam": "Algemeen - financiele zekerheid",
							"opmerking": ""
						},
						{
							"naam": "Algemeen - handhaving en uitvoering",
							"opmerking": ""
						},
						{
							"naam": "Algemeen - heffingen",
							"opmerking": ""
						},
						{
							"naam": "Algemeen - kostenverhaal",
							"opmerking": ""
						},
						{
							"naam": "Algemeen - logistiek",
							"opmerking": ""
						},
						{
							"naam": "Algemeen - maatwerk",
							"opmerking": ""
						},
						{
							"naam": "Algemeen - monitoring",
							"opmerking": ""
						},
						{
							"naam": "Algemeen - natuurlijke hulpbronnen",
							"opmerking": "(alle in de natuur aanwezige stoffen die van economisch nut kunnen zijn en onmisbaar zijn voor de levenskwaliteit van de mens)"
						},
						{
							"naam": "Algemeen - regionale samenwerking",
							"opmerking": ""
						},
						{
							"naam": "Algemeen - ruimtelijke kwaliteit",
							"opmerking": ""
						},
						{
							"naam": "Algemeen - schade",
							"opmerking": ""
						},
						{
							"naam": "Algemeen - toegankelijkheid",
							"opmerking": ""
						},
						{
							"naam": "Algemeen - transport",
							"opmerking": ""
						},
						{
							"naam": "Algemeen - vergunningen",
							"opmerking": ""
						},
						{
							"naam": "Algemeen - voorkeursrecht en onteigening",
							"opmerking": ""
						},
						{
							"naam": "Algemeen - zorg",
							"opmerking": ""
						},
						{
							"naam": "Bodem",
							"opmerking": ""
						},
						{
							"naam": "Bodem - aardkundige waarden",
							"opmerking": ""
						},
						{
							"naam": "Bodem - bodemdaling",
							"opmerking": ""
						},
						{
							"naam": "Bodem - bodemenergie",
							"opmerking": ""
						},
						{
							"naam": "Bodem - bodemkwaliteit",
							"opmerking": ""
						},
						{
							"naam": "Bodem - gesloten stortplaats",
							"opmerking": ""
						},
						{
							"naam": "Bodem - ontgrondingen",
							"opmerking": ""
						},
						{
							"naam": "Bodem - voormalige stortplaats",
							"opmerking": ""
						},
						{
							"naam": "Energie",
							"opmerking": ""
						},
						{
							"naam": "Energie - energiebesparing",
							"opmerking": ""
						},
						{
							"naam": "Energie - energieproductie",
							"opmerking": ""
						},
						{
							"naam": "Energie - energietransitie",
							"opmerking": ""
						},
						{
							"naam": "Energie - geobiologische en geothermische systemen",
							"opmerking": ""
						},
						{
							"naam": "Energie - windenergie",
							"opmerking": ""
						},
						{
							"naam": "Energie - zonneEnergie - energie",
							"opmerking": ""
						},
						{
							"naam": "Erfgoed",
							"opmerking": ""
						},
						{
							"naam": "Erfgoed - archeologie",
							"opmerking": ""
						},
						{
							"naam": "Erfgoed - beschermd stadsErfgoed - en dorpsgezicht",
							"opmerking": ""
						},
						{
							"naam": "Erfgoed - cultureel erfgoed",
							"opmerking": ""
						},
						{
							"naam": "Erfgoed - werelderfgoed",
							"opmerking": ""
						},
						{
							"naam": "Geluid",
							"opmerking": ""
						},
						{
							"naam": "Geluid - geluidhinder",
							"opmerking": ""
						},
						{
							"naam": "Geluid - geluidzonering",
							"opmerking": ""
						},
						{
							"naam": "Geluid - stilte",
							"opmerking": ""
						},
						{
							"naam": "Gezondheid",
							"opmerking": ""
						},
						{
							"naam": "Infrastructuur",
							"opmerking": ""
						},
						{
							"naam": "Infrastructuur - bereikbaarheid",
							"opmerking": ""
						},
						{
							"naam": "Infrastructuur - fietsInfrastructuur - en wandelpaden",
							"opmerking": ""
						},
						{
							"naam": "Infrastructuur - leiding",
							"opmerking": ""
						},
						{
							"naam": "Infrastructuur - spoorweg",
							"opmerking": ""
						},
						{
							"naam": "Infrastructuur - vaarweg",
							"opmerking": ""
						},
						{
							"naam": "Infrastructuur - weg",
							"opmerking": ""
						},
						{
							"naam": "Klimaat",
							"opmerking": ""
						},
						{
							"naam": "Klimaat - klimaatadaptatie",
							"opmerking": ""
						},
						{
							"naam": "Klimaat - klimaatbeleid",
							"opmerking": ""
						},
						{
							"naam": "Landbouw - glastuinbouw",
							"opmerking": ""
						},
						{
							"naam": "Landbouw - veehouderij",
							"opmerking": ""
						},
						{
							"naam": "Landbouw - vollegrondteelt",
							"opmerking": ""
						},
						{
							"naam": "Landelijke functies",
							"opmerking": ""
						},
						{
							"naam": "Landelijke functies - natuurbegraven",
							"opmerking": ""
						},
						{
							"naam": "Landelijke functies - vrijkomende (agrarische) bebouwing",
							"opmerking": ""
						},
						{
							"naam": "Landschap",
							"opmerking": ""
						},
						{
							"naam": "Landschap - bijzonder reliëf landschap",
							"opmerking": ""
						},
						{
							"naam": "Landschap - kleinschalig besloten landschap",
							"opmerking": ""
						},
						{
							"naam": "Landschap - landschappelijke waarden",
							"opmerking": ""
						},
						{
							"naam": "Landschap - waardevol open landschap",
							"opmerking": ""
						},
						{
							"naam": "Licht",
							"opmerking": ""
						},
						{
							"naam": "Licht - duisternis",
							"opmerking": ""
						},
						{
							"naam": "Licht - lichthinder",
							"opmerking": ""
						},
						{
							"naam": "Lucht",
							"opmerking": ""
						},
						{
							"naam": "Milieu",
							"opmerking": ""
						},
						{
							"naam": "Milieu - effectrapportage",
							"opmerking": ""
						},
						{
							"naam": "Milieu - externe veiligheid",
							"opmerking": ""
						},
						{
							"naam": "Milieu - stortplaats",
							"opmerking": ""
						},
						{
							"naam": "Milieu - trillingen",
							"opmerking": ""
						},
						{
							"naam": "Natuur",
							"opmerking": ""
						},
						{
							"naam": "Natuur - biodiversiteit",
							"opmerking": ""
						},
						{
							"naam": "Natuur - ecologie",
							"opmerking": ""
						},
						{
							"naam": "Natuur - natuurbeheer",
							"opmerking": ""
						},
						{
							"naam": "Natuur - natuurbescherming",
							"opmerking": ""
						},
						{
							"naam": "Natuur - natuurgebieden",
							"opmerking": ""
						},
						{
							"naam": "Natuur - natuurnetwerk",
							"opmerking": ""
						},
						{
							"naam": "Natuur - overige natuur",
							"opmerking": ""
						},
						{
							"naam": "Recreatie en toerisme",
							"opmerking": ""
						},
						{
							"naam": "Recreatie en toerisme - dagrecreatie",
							"opmerking": ""
						},
						{
							"naam": "Recreatie en toerisme - fiets en wandelroutes",
							"opmerking": ""
						},
						{
							"naam": "Recreatie en toerisme - jachthaven",
							"opmerking": ""
						},
						{
							"naam": "Recreatie en toerisme - kleinschalige recreatie",
							"opmerking": ""
						},
						{
							"naam": "Recreatie en toerisme - leisure",
							"opmerking": ""
						},
						{
							"naam": "Recreatie en toerisme - recreatiewoning",
							"opmerking": ""
						},
						{
							"naam": "Recreatie en toerisme - toerisme",
							"opmerking": ""
						},
						{
							"naam": "Recreatie en toerisme - verblijfsrecreatie",
							"opmerking": ""
						},
						{
							"naam": "Recreatie en toerisme - zwemwaterkwaliteit",
							"opmerking": ""
						},
						{
							"naam": "Stedelijke functies",
							"opmerking": ""
						},
						{
							"naam": "Stedelijke functies - bedrijventerreinen",
							"opmerking": ""
						},
						{
							"naam": "Stedelijke functies - circulaire economie",
							"opmerking": ""
						},
						{
							"naam": "Stedelijke functies - detailhandel",
							"opmerking": ""
						},
						{
							"naam": "Stedelijke functies - economisch vestigingsklimaat",
							"opmerking": ""
						},
						{
							"naam": "Stedelijke functies - openbare ruimte",
							"opmerking": ""
						},
						{
							"naam": "Stedelijke functies - regionale woonagenda",
							"opmerking": ""
						},
						{
							"naam": "Stedelijke functies - ruimte voor toekomstige functies",
							"opmerking": ""
						},
						{
							"naam": "Stedelijke functies - stedenbouwkundige waarden",
							"opmerking": ""
						},
						{
							"naam": "Stedelijke functies - voorzieningen",
							"opmerking": ""
						},
						{
							"naam": "Stedelijke functies - werken",
							"opmerking": ""
						},
						{
							"naam": "Stedelijke functies - wonen",
							"opmerking": ""
						},
						{
							"naam": "Stedelijke functies - woonStedelijke functies - en leefklimaat",
							"opmerking": ""
						},
						{
							"naam": "Water",
							"opmerking": ""
						},
						{
							"naam": "Water - drinkwater",
							"opmerking": ""
						},
						{
							"naam": "Water - drinkwatervoorziening",
							"opmerking": ""
						},
						{
							"naam": "Water - grondwater (bescherming)",
							"opmerking": ""
						},
						{
							"naam": "Water - oppervlaktewater (bescherming)",
							"opmerking": ""
						},
						{
							"naam": "Water - waterbeheer",
							"opmerking": ""
						},
						{
							"naam": "Water - wateroverlast",
							"opmerking": "(hieronder valt waterberging)"
						},
						{
							"naam": "Water - watersystemen",
							"opmerking": "(hieronder valt het gehele stelsel van waterlopen)"
						},
						{
							"naam": "Water - waterveiligheid",
							"opmerking": "(hieronder valt waterkeringen)"
						}
					]
				}
			},
			{
				"naam": "TypeGebiedsaanwijzing",
				"type": "gesloten",
				"opmerking": "Attribuut dat aangeeft welk type Gebiedsaanwijzing wordt geannoteerd",
				"waarden": {
					"waarde": [
						{
							"naam": "Beperkingengebied",
							"opmerking": ""
						},
						{
							"naam": "Bodem",
							"opmerking": ""
						},
						{
							"naam": "Defensie",
							"opmerking": ""
						},
						{
							"naam": "Energievoorziening",
							"opmerking": ""
						},
						{
							"naam": "Erfgoed",
							"opmerking": ""
						},
						{
							"naam": "Externe veiligheid",
							"opmerking": ""
						},
						{
							"naam": "Functie",
							"opmerking": ""
						},
						{
							"naam": "Geluid",
							"opmerking": ""
						},
						{
							"naam": "Geur",
							"opmerking": ""
						},
						{
							"naam": "Landschap",
							"opmerking": ""
						},
						{
							"naam": "Leiding",
							"opmerking": ""
						},
						{
							"naam": "Lucht",
							"opmerking": ""
						},
						{
							"naam": "Mijnbouw",
							"opmerking": ""
						},
						{
							"naam": "Natuur",
							"opmerking": ""
						},
						{
							"naam": "Ruimtelijk gebruik",
							"opmerking": ""
						},
						{
							"naam": "Verkeer",
							"opmerking": ""
						},
						{
							"naam": "Water en watersysteem",
							"opmerking": ""
						}
					]
				}
			},
			{
				"naam": "Beperkingengebiedgroep",
				"type": "gesloten",
				"opmerking": "Beperkingengebiedgroep is het attribuut van het object Beperkingengebied dat zorgt voor weergave van de symbolisatie van Beperkingengebied op de kaart",
				"waarden": {
					"waarde": [
						{
							"naam": "installatie in waterstaatswerk",
							"opmerking": ""
						},
						{
							"naam": "luchthaven",
							"opmerking": ""
						},
						{
							"naam": "molen",
							"opmerking": ""
						},
						{
							"naam": "overig",
							"opmerking": ""
						},
						{
							"naam": "spoorweg",
							"opmerking": ""
						},
						{
							"naam": "waterstaatswerk",
							"opmerking": ""
						},
						{
							"naam": "weg",
							"opmerking": ""
						}
					]
				}
			},
			{
				"naam": "Bodemgroep",
				"type": "open",
				"opmerking": "Attribuut dat zorgt voor weergave van de symbolisatie van de gebiedsaanwijzing Bodem op de kaart",
				"waarden": {
					"waarde": [
						{
							"naam": "Bodembeheergebied",
							"opmerking": ""
						},
						{
							"naam": "Bodembeheergebied oppervlaktewaterlichamen",
							"opmerking": ""
						},
						{
							"naam": "Herkomstgebied mijnsteen",
							"opmerking": ""
						},
						{
							"naam": "Toepassingsgebied mijnsteen",
							"opmerking": ""
						},
						{
							"naam": "Veenkoloniaal gebied",
							"opmerking": ""
						}
					]
				}
			},
			{
				"naam": "Defensiegroep",
				"type": "open",
				"opmerking": "Attribuut dat zorgt voor weergave van de symbolisatie van de gebiedsaanwijzing Defensie op de kaart",
				"waarden": {
					"waarde": [
						{
							"naam": "militair terrein",
							"opmerking": ""
						},
						{
							"naam": "radarverstoringsgebied",
							"opmerking": ""
						}
					]
				}
			},
			{
				"naam": "Energievoorzieninggroep",
				"type": "open",
				"opmerking": "Attribuut dat zorgt voor weergave van de symbolisatie van de gebiedsaanwijzing Energievoorziening op de kaart",
				"waarden": {
					"waarde": [
						{
							"naam": "bodemenergie",
							"opmerking": ""
						},
						{
							"naam": "kernenergie",
							"opmerking": ""
						},
						{
							"naam": "windturbines",
							"opmerking": ""
						},
						{
							"naam": "zonne-energie",
							"opmerking": ""
						}
					]
				}
			},
			{
				"naam": "Erfgoedgroep",
				"type": "open",
				"opmerking": "Attribuut dat zorgt voor weergave van de symbolisatie van de gebiedsaanwijzing Erfgoed op de kaart",
				"waarden": {
					"waarde": [
						{
							"naam": "archeologie",
							"opmerking": ""
						},
						{
							"naam": "buitenplaats",
							"opmerking": ""
						},
						{
							"naam": "cultuurhistorie",
							"opmerking": ""
						},
						{
							"naam": "linie",
							"opmerking": ""
						},
						{
							"naam": "werelderfgoed",
							"opmerking": ""
						}
					]
				}
			},
			{
				"naam": "Externe veiligheidgroep",
				"type": "open",
				"opmerking": "Attribuut dat zorgt voor weergave van de symbolisatie van de gebiedsaanwijzing Externe veiligheid op de kaart",
				"waarden": {
					"waarde": [
						{
							"naam": "aandachtsgebied",
							"opmerking": ""
						},
						{
							"naam": "belemmeringengebied",
							"opmerking": ""
						},
						{
							"naam": "risicogebied",
							"opmerking": ""
						},
						{
							"naam": "voorschriftengebied",
							"opmerking": ""
						}
					]
				}
			},
			{
				"naam": "Functiegroep",
				"type": "gesloten",
				"opmerking": "Functiegroep is het attribuut van het object Functie dat zorgt voor weergave van de symbolisatie van Functie op de kaart",
				"waarden": {
					"waarde": [
						{
							"naam": "agrarisch",
							"opmerking": ""
						},
						{
							"naam": "bedrijf",
							"opmerking": ""
						},
						{
							"naam": "bedrijventerrein",
							"opmerking": ""
						},
						{
							"naam": "belemmeringengebied",
							"opmerking": ""
						},
						{
							"naam": "beschermd gezicht",
							"opmerking": "(bedoeld voor beschermd dorpsgezicht en beschermd stadsgezicht)"
						},
						{
							"naam": "beschermd monument",
							"opmerking": ""
						},
						{
							"naam": "beschermde boom",
							"opmerking": ""
						},
						{
							"naam": "buitenplaats",
							"opmerking": ""
						},
						{
							"naam": "centrumgebied",
							"opmerking": ""
						},
						{
							"naam": "cultuur",
							"opmerking": ""
						},
						{
							"naam": "detailhandel",
							"opmerking": ""
						},
						{
							"naam": "dienstverlening",
							"opmerking": ""
						},
						{
							"naam": "groen",
							"opmerking": ""
						},
						{
							"naam": "grondwaterbeschermingsgebied",
							"opmerking": ""
						},
						{
							"naam": "herstructureringsgebied",
							"opmerking": ""
						},
						{
							"naam": "horeca",
							"opmerking": ""
						},
						{
							"naam": "industrie",
							"opmerking": ""
						},
						{
							"naam": "kantoor",
							"opmerking": ""
						},
						{
							"naam": "leiding",
							"opmerking": ""
						},
						{
							"naam": "maatschappelijk",
							"opmerking": ""
						},
						{
							"naam": "natuur",
							"opmerking": ""
						},
						{
							"naam": "ontspanning",
							"opmerking": ""
						},
						{
							"naam": "openbaar gebied",
							"opmerking": ""
						},
						{
							"naam": "overig",
							"opmerking": ""
						},
						{
							"naam": "recreatie",
							"opmerking": ""
						},
						{
							"naam": "sport",
							"opmerking": ""
						},
						{
							"naam": "transformatiegebied",
							"opmerking": ""
						},
						{
							"naam": "verkeer",
							"opmerking": ""
						},
						{
							"naam": "waarde",
							"opmerking": ""
						},
						{
							"naam": "water",
							"opmerking": ""
						},
						{
							"naam": "waterstaat",
							"opmerking": ""
						},
						{
							"naam": "waterwingebied",
							"opmerking": ""
						},
						{
							"naam": "werelderfgoed",
							"opmerking": ""
						},
						{
							"naam": "wonen",
							"opmerking": ""
						},
						{
							"naam": "woongebied",
							"opmerking": ""
						}
					]
				}
			},
			{
				"naam": "Geluidgroep",
				"type": "open",
				"opmerking": "Attribuut dat zorgt voor weergave van de symbolisatie van de gebiedsaanwijzing Geluid op de kaart",
				"waarden": {
					"waarde": [
						{
							"naam": "aandachtsgebied",
							"opmerking": ""
						},
						{
							"naam": "contour",
							"opmerking": ""
						},
						{
							"naam": "stiltegebied",
							"opmerking": ""
						}
					]
				}
			},
			{
				"naam": "Geurgroep",
				"type": "open",
				"opmerking": "Attribuut dat zorgt voor weergave van de symbolisatie van de gebiedsaanwijzing Geur op de kaart",
				"waarden": {
					"waarde": [
						{
							"naam": "Bebouwingscontour",
							"opmerking": ""
						},
						{
							"naam": "Concentratiegebied",
							"opmerking": ""
						}
					]
				}
			},
			{
				"naam": "Landschapgroep",
				"type": "open",
				"opmerking": "Attribuut dat zorgt voor weergave van de symbolisatie van de gebiedsaanwijzing Landschap op de kaart",
				"waarden": {
					"waarde": [
						{
							"naam": "aardkundige waarde",
							"opmerking": ""
						},
						{
							"naam": "nationaal park",
							"opmerking": ""
						},
						{
							"naam": "open landschap",
							"opmerking": ""
						},
						{
							"naam": "specifiek benoemd gebied",
							"opmerking": ""
						}
					]
				}
			},
			{
				"naam": "Leidinggroep",
				"type": "open",
				"opmerking": "Attribuut dat zorgt voor weergave van de symbolisatie van de gebiedsaanwijzing Leiding op de kaart",
				"waarden": {
					"waarde": [
						{
							"naam": "reserveringsgebied",
							"opmerking": ""
						},
						{
							"naam": "tracé hoogspanning",
							"opmerking": ""
						}
					]
				}
			},
			{
				"naam": "Luchtgroep",
				"type": "open",
				"opmerking": "Attribuut dat zorgt voor weergave van de symbolisatie van de gebiedsaanwijzing Lucht op de kaart",
				"waarden": {
					"waarde": {
						"naam": "PM",
						"opmerking": ""
					}
				}
			},
			{
				"naam": "Mijnbouwgroep",
				"type": "open",
				"opmerking": "Attribuut dat zorgt voor weergave van de symbolisatie van de gebiedsaanwijzing Mijnbouw op de kaart",
				"waarden": {
					"waarde": [
						{
							"naam": "gaswinning",
							"opmerking": ""
						},
						{
							"naam": "oliewinning",
							"opmerking": ""
						},
						{
							"naam": "schaliegas",
							"opmerking": ""
						},
						{
							"naam": "zoutwinning",
							"opmerking": ""
						}
					]
				}
			},
			{
				"naam": "Natuurgroep",
				"type": "open",
				"opmerking": "Attribuut dat zorgt voor weergave van de symbolisatie van de gebiedsaanwijzing Natuur op de kaart",
				"waarden": {
					"waarde": [
						{
							"naam": "Nationaal Landschap",
							"opmerking": ""
						},
						{
							"naam": "Nationaal Natuurgebied",
							"opmerking": ""
						},
						{
							"naam": "Nationaal Park",
							"opmerking": ""
						},
						{
							"naam": "Natura 2000",
							"opmerking": ""
						},
						{
							"naam": "Natuurbeheergebied",
							"opmerking": ""
						},
						{
							"naam": "Natuurnetwerk Nederland",
							"opmerking": ""
						},
						{
							"naam": "Overig",
							"opmerking": ""
						},
						{
							"naam": "Provinciaal Landschap",
							"opmerking": ""
						},
						{
							"naam": "Provinciaal Natuurgebied",
							"opmerking": ""
						}
					]
				}
			},
			{
				"naam": "Ruimtelijkgebruikgroep",
				"type": "open",
				"opmerking": "Attribuut dat zorgt voor weergave van de symbolisatie van de gebiedsaanwijzing Ruimtelijk gebruik op de kaart",
				"waarden": {
					"waarde": [
						{
							"naam": "bebouwingscontour",
							"opmerking": ""
						},
						{
							"naam": "bedrijventerrein",
							"opmerking": ""
						},
						{
							"naam": "detailhandel",
							"opmerking": ""
						},
						{
							"naam": "glastuinbouw",
							"opmerking": ""
						},
						{
							"naam": "industrieterrein",
							"opmerking": ""
						},
						{
							"naam": "kantoorlocatie",
							"opmerking": ""
						},
						{
							"naam": "landbouw",
							"opmerking": ""
						},
						{
							"naam": "landelijk gebied",
							"opmerking": ""
						},
						{
							"naam": "landelijk gebied-agrarisch",
							"opmerking": ""
						},
						{
							"naam": "landelijk gebied-hoofdfunctie natuur",
							"opmerking": ""
						},
						{
							"naam": "landelijk gebied-stedelijk uitloopgebied",
							"opmerking": ""
						},
						{
							"naam": "landelijk gebied-verweving van functies",
							"opmerking": ""
						},
						{
							"naam": "receatiegebied",
							"opmerking": ""
						},
						{
							"naam": "specifiek teeltgebied",
							"opmerking": ""
						},
						{
							"naam": "stedelijk gebied",
							"opmerking": ""
						},
						{
							"naam": "stedelijk gebied-buiten centrum",
							"opmerking": ""
						},
						{
							"naam": "stedelijk gebied-centrum dorps",
							"opmerking": ""
						},
						{
							"naam": "stedelijk gebied-centrum stedelijk",
							"opmerking": ""
						},
						{
							"naam": "stedelijk gebied-groen stedelijk",
							"opmerking": ""
						},
						{
							"naam": "veehouderij",
							"opmerking": ""
						}
					]
				}
			},
			{
				"naam": "Verkeergroep",
				"type": "open",
				"opmerking": "Attribuut dat zorgt voor weergave van de symbolisatie van de gebiedsaanwijzing Verkeer op de kaart",
				"waarden": {
					"waarde": [
						{
							"naam": "luchtvaart",
							"opmerking": ""
						},
						{
							"naam": "spoorweg",
							"opmerking": ""
						},
						{
							"naam": "weg",
							"opmerking": ""
						}
					]
				}
			},
			{
				"naam": "Water en watersysteemgroep",
				"type": "open",
				"opmerking": "Attribuut dat zorgt voor weergave van de symbolisatie van de gebiedsaanwijzing Water en watersysteem op de kaart",
				"waarden": {
					"waarde": [
						{
							"naam": "bergingsgebied",
							"opmerking": "(gebied voor waterstaatkundige doeleinden, niet zijnde een oppervlaktewaterlichaam of onderdeel daarvan, dat dient ter verruiming van de bergingscapaciteit van een of meer watersystemen en ook als bergingsgebied op de legger is opgenomen)"
						},
						{
							"naam": "beschermende gebieden waterschap",
							"opmerking": "(beschermde gebieden waterschappen; niet oppervlaktewaterlichaam- en/ of waterkering-gerelateerd)"
						},
						{
							"naam": "compartimentskering",
							"opmerking": "(regionale kering die als zodanig geen directe waterkerende functie heeft, tenzij in geval van doorbraak of overstroming van een primaire waterkering)"
						},
						{
							"naam": "contour beregeningsbeleid",
							"opmerking": "(begrenzing van de gebieden die het beregeningsbeleid van het waterschap vastleggen)"
						},
						{
							"naam": "duingebied",
							"opmerking": ""
						},
						{
							"naam": "duinwatergebied",
							"opmerking": ""
						},
						{
							"naam": "gebiedsnorm wateroverlast",
							"opmerking": ""
						},
						{
							"naam": "grondwater",
							"opmerking": ""
						},
						{
							"naam": "grondwaterdeelgebied",
							"opmerking": "(gebieden waarbinnen het zelfde grondwaterpeil geldt)"
						},
						{
							"naam": "kade",
							"opmerking": "(type waterkering, beschoeide of gemetselde oeverstrook, waaraan de schepen kunnen aanleggen)"
						},
						{
							"naam": "natuurbeek",
							"opmerking": "(een oppervlaktewater dat een functie waternatuur heeft, op basis van bestaande of potentiële aquatische of semi-aquatische natuurwaarden)"
						},
						{
							"naam": "onderhoudspad",
							"opmerking": "(werkpad naast de watergang in eigendom van het waterschap, gebied binnen de beschermingszone waar aanvullende regels gelden)"
						},
						{
							"naam": "oppervlaktewaterlichaam",
							"opmerking": "(samenhangend geheel van vrij aan het aardoppervlak voorkomend water, met de daarin aanwezige stoffen, alsmede de bijbehorende bodem, oevers en, voor zover uitdrukkelijk aangewezen krachtens deze wet, drogere oevergebieden, alsmede flora en fauna)"
						},
						{
							"naam": "oppervlaktewaterlichaam primair",
							"opmerking": ""
						},
						{
							"naam": "oppervlaktewaterlichaam profiel van vrije ruimte",
							"opmerking": ""
						},
						{
							"naam": "oppervlaktewaterlichaam secundair",
							"opmerking": ""
						},
						{
							"naam": "oppervlaktewaterlichaam tertiair",
							"opmerking": ""
						},
						{
							"naam": "overige gebieden",
							"opmerking": "(overige gebieden waar waterschapsverordening-regels gelden, bij voorbeeld te gebruiken voor gebieden \"verbod verhard oppervlak/afkoppelen\")"
						},
						{
							"naam": "peilgebied",
							"opmerking": "(gebieden met een vastgesteld peil; een cluster van afwateringsgebieden waarin één en hetzelfde peil wordt nagestreefd)"
						},
						{
							"naam": "projectgebied",
							"opmerking": "(regels voor bescherming van toekomstige projecten)"
						},
						{
							"naam": "vaarweg",
							"opmerking": ""
						},
						{
							"naam": "waterberging",
							"opmerking": ""
						},
						{
							"naam": "waterkering",
							"opmerking": "(een waterkerende en/of scheidende, kunstmatige of natuurlijke hoogte of hooggelegen gronden inclusief de daarin aanwezige waterkerende elementen)"
						},
						{
							"naam": "waterkering overig",
							"opmerking": ""
						},
						{
							"naam": "waterkering primair",
							"opmerking": ""
						},
						{
							"naam": "waterkering profiel van vrije ruimte",
							"opmerking": ""
						},
						{
							"naam": "waterkering regionaal",
							"opmerking": ""
						},
						{
							"naam": "waterstaatswerk",
							"opmerking": ""
						},
						{
							"naam": "waterweg",
							"opmerking": ""
						},
						{
							"naam": "waterwingebied",
							"opmerking": "(gebied aangewezen voor het winnen van drinkwater)"
						},
						{
							"naam": "zuiveringstechnisch werk",
							"opmerking": ""
						}
					]
				}
			}
		]
	}
}