<?xml version="1.0" encoding="UTF-8"?>
<ow-dc:owBestand
	xmlns:xlink="http://www.w3.org/1999/xlink"
	xmlns:gml="http://www.opengis.net/gml/3.2"
	xmlns:g-ref="http://www.geostandaarden.nl/imow/geometrie-ref/v20190901"
	xmlns:ga="http://www.geostandaarden.nl/imow/gebiedsaanwijzing/v20190709"
	xmlns:ga-ref="http://www.geostandaarden.nl/imow/gebiedsaanwijzing-ref/v20190709"
	xmlns:da="http://www.geostandaarden.nl/imow/datatypenalgemeen/v20190709"
	xmlns:sl="http://www.geostandaarden.nl/bestanden-ow/standlevering-generiek/v20190301"
	xmlns:rol="http://www.geostandaarden.nl/imow/regelsoplocatie/v20190901"
	xmlns:l="http://www.geostandaarden.nl/imow/locatie/v20190901"
	xmlns:l-ref="http://www.geostandaarden.nl/imow/locatie-ref/v20190901"
	xmlns:rol-ref="http://www.geostandaarden.nl/imow/regelsoplocatie-ref/v20190709"
	xmlns:rkow="http://www.geostandaarden.nl/imow/owobject/v20190709"
	xmlns:r="http://www.geostandaarden.nl/imow/regels/v20190901"
	xmlns:r-ref="http://www.geostandaarden.nl/imow/regels-ref/v20190901"
	xmlns:xsi="http://www.w3.org/2001/XMLSchema-instance"
	xmlns:ow-dc="http://www.geostandaarden.nl/imow/bestanden/deelbestand/v20190901"
	xsi:schemaLocation="http://www.geostandaarden.nl/imow https://register.geostandaarden.nl/xmlschema/tpod/v0.98.3-kern/bestanden-ow/deelbestand-ow/v20190901/IMOW_Deelbestand_v0_9_8_2.xsd">
	<sl:standBestand>
		<sl:dataset>Gemeentestad</sl:dataset>
		<sl:inhoud>
			<sl:gebied>Gemeentestad</sl:gebied>
			<sl:leveringsId>abc-20190221-0801</sl:leveringsId>
			<sl:objectTypen>
				<sl:objectType>Gebiedsaanwijzing</sl:objectType>
			</sl:objectTypen>
		</sl:inhoud>
		<sl:stand>
			<ow-dc:owObject>
				<ga:Gebiedsaanwijzing rkow:regeltekstId="nl.imow-gm0037.Regeltekst.2019000002">
					<ga:identificatie>nl.imow-gm0037.gebiedsaanwijzing.2019000001</ga:identificatie>
					<ga:type>Functie</ga:type>
					<ga:naam>Bedrijf categorie 2</ga:naam>
					<ga:groep>bedrijf</ga:groep>
					<ga:locatieaanduiding>
						<l-ref:LocatieRef xlink:href="nl.imow-gm0037.gebied.2019000001"/>
					</ga:locatieaanduiding>
				</ga:Gebiedsaanwijzing>
			</ow-dc:owObject>
		</sl:stand>
		<sl:stand>
			<ow-dc:owObject>
				<ga:Gebiedsaanwijzing rkow:regeltekstId="nl.imow-gm0037.Regeltekst.2019000010">
					<ga:identificatie>nl.imow-gm0037.gebiedsaanwijzing.2019000002</ga:identificatie>
					<ga:type>Functie</ga:type>
					<ga:naam>Centrumgebied</ga:naam>
					<ga:groep>centrumgebied</ga:groep>
					<ga:locatieaanduiding>
						<l-ref:LocatieRef xlink:href="nl.imow-gm0037.gebied.2019000004"/>
					</ga:locatieaanduiding>
				</ga:Gebiedsaanwijzing>
			</ow-dc:owObject>
		</sl:stand>
	</sl:standBestand>
</ow-dc:owBestand>